id,domain,status,purchase_price,renewal_price,attractiveness,demand,length,registrar,created_at,expires_at,status_verified_at
e2ffca81-42c3-4e78-86c5-24f02bccd76e,anthropoid.irish,available,5.98,31.98,medium,low,10,namecheap,,,
6d563385-6d55-4e59-85af-09a3186a5b0b,redlands.irish,available,7,,high,low,8,unstoppable,,,01/10/2026 12:23
090b2d40-0c36-47ff-9fda-f0519d309495,beroe.irish,available,5.98,31.98,medium,low,5,namecheap,,,23/09/2026 10:02
b29187b8-9652-4d84-bc0b-87ac1e3c58ee,kao.irish,available,5.98,31.98,medium,low,3,namecheap,,,30/09/2026 13:44
6782439d-759e-4f7c-8a38-e4194228315c,ataturk.irish,available,5.98,31.98,high,low,7,namecheap,,,20/09/2026 19:44
aaa437e6-348f-42ef-9dda-ae0f32f61743,continental.irish,available,17.2,17.2,high,low,11,cloudflare,,,28/09/2026 21:03
8b9ffc31-3d45-4d0f-bc27-3e50283704dd,comatose.irish,available,5.98,31.98,medium,low,8,namecheap,,,12/08/2026 18:25
2581c8b7-72c6-4c8d-b753-56199075c24d,staunch.irish,available,5.98,31.98,high,low,7,namecheap,,,10/09/2026 19:22
901d98e6-6b2b-48ad-a945-5ee6a8eba69d,catenulate.irish,available,5.98,31.98,medium,low,10,namecheap,,,11/08/2026 21:32
30acda8a-715c-4357-ac8e-2061a98b4674,nihon.irish,available,5.66,18.02,high,low,5,porkbun,,,29/09/2026 13:34
54ceacb5-03ba-4b33-a9f5-8de6676e599e,adenovirus.irish,available,5.98,31.98,medium,low,10,namecheap,,,17/09/2026 07:41
875e5dc9-89a4-45a6-88ff-e82df2789476,doctorate.irish,available,5.98,31.98,high,low,9,namecheap,,,30/09/2026 17:00
243609b0-57ee-4c34-a161-7f2da3169a32,stag.irish,available,7,,high,low,4,unstoppable,,,30/09/2026 18:38
b8b1b0a9-8760-49a2-96a0-8ba3fe0ee19b,blether.irish,available,7.49,22.49,medium,low,7,namesilo,,,24/09/2026 04:49
6e095aeb-ed6e-4138-a769-9d3f6a0e76c9,oxycontin.irish,available,5.98,31.98,medium,low,9,namecheap,,,20/09/2026 00:25
8cf38044-9b97-4da2-91a0-70d6ccc0e830,embargo.irish,available,7,,high,low,7,unstoppable,,,02/10/2026 04:43
03d70052-4a3c-43fe-82db-5c5858d06f21,physically.irish,available,7.49,22.49,medium,low,10,namesilo,,,19/09/2026 14:53
96003e2b-d985-4831-a062-dce0bb8889a1,dried.irish,available,5.98,31.98,high,low,5,namecheap,,,14/08/2026 18:59
e81c6888-daf3-4251-8848-394dfe79a56e,fifth.irish,available,5.98,31.98,high,low,5,namecheap,,,
6b8679ab-88fc-4b23-92d3-94f24f4f10e5,superpower.irish,available,7.49,22.49,high,low,10,namesilo,,,03/10/2026 01:02
7601c360-0aed-49ea-9669-5a4263b45048,replies.irish,available,5.98,31.98,medium,low,7,namecheap,,,18/09/2026 09:15
bfc41865-42ea-47f5-940e-fb4ca0d94819,anabas.irish,available,5.98,31.98,medium,low,6,namecheap,,,19/09/2026 00:49
99b3881e-e3ec-4b53-8622-f4ce17a2e7fc,undesired.irish,available,5.98,31.98,medium,low,9,namecheap,,,12/09/2026 07:49
790a1482-6e9c-4220-a624-945dcfd75e54,certificates.irish,available,5.38,17.8,medium,low,12,spaceship,,,30/09/2026 00:39
d67c4154-86f4-4d52-8198-c5f356d3dafb,gulfport.irish,available,5.38,17.8,medium,low,8,spaceship,,,02/10/2026 21:01
d410e3ae-51a4-491b-814a-f20b5d55697c,bilge.irish,available,5.98,31.98,medium,low,5,namecheap,,,23/09/2026 15:50
56252fbb-a094-4ceb-b290-1b326b3f52c8,mystically.irish,available,5.98,31.98,medium,low,10,namecheap,,,15/09/2026 15:58
0d6b9b84-e01d-4802-91bd-5c4ca8b17a86,isla.irish,available,17.2,17.2,high,low,4,cloudflare,,,28/09/2026 16:31
02c5733f-eb67-4819-9d2e-8cabb22a02fd,pioneers.irish,available,17.2,17.2,medium,low,8,cloudflare,,,30/09/2026 07:17
b81f0af7-3f97-4fa7-b562-6399dff51b89,alleyway.irish,available,7.49,22.49,medium,low,8,namesilo,,,19/09/2026 04:05
38cd8f41-3c7e-4b3e-9894-7e88e07c9723,honestly.irish,available,5.98,31.98,high,low,8,namecheap,,,
177a9d1f-6e83-4684-ba1e-7086884cb2dc,foiled.irish,available,5.98,31.98,medium,low,6,namecheap,,,14/08/2026 09:27
e4d86124-5e2f-4637-a84c-a0aa88b68cbd,lemony.irish,available,5.98,31.98,high,low,6,namecheap,,,22/08/2026 23:24
88c568a3-fce5-42c6-ac4b-e65db837f296,dominoes.irish,available,7.49,22.49,high,low,8,namesilo,,,24/09/2026 23:28
ffda044d-46a8-43d8-b4c4-6687e95c2963,dee.irish,available,17.2,17.2,high,low,3,cloudflare,,,28/09/2026 03:28
8e9da173-d48a-4c57-ab96-a8bf5cd0d5e0,atrovent.irish,available,7.49,22.49,medium,low,8,namesilo,,,21/09/2026 01:03
412d438a-52ed-4774-8436-46d8ed000522,multicolor.irish,available,5.98,31.98,high,low,10,namecheap,,,03/09/2026 10:35
2b99c37b-7e88-46cb-9e8e-5aa2e2995ab3,procurement.irish,available,7.49,22.49,high,low,11,namesilo,,,02/10/2026 12:10
fe152e23-9e95-49c5-bc6d-1692f3c31a4a,bangalore.irish,available,7.49,22.49,high,low,9,namesilo,,,22/09/2026 01:45
383501b0-45b2-41c9-a586-b0265e26d33c,feasibly.irish,available,5.98,31.98,medium,low,8,namecheap,,,14/09/2026 18:08
1c8aa916-faac-4e05-ab10-bbaff1aaa172,sinaloa.irish,available,7,,medium,low,7,unstoppable,,,30/09/2026 05:06
d285807e-b4f7-46e5-9502-062a766f807d,ganesh.irish,available,7.49,22.49,high,low,6,namesilo,,,02/10/2026 04:59
75cc21a1-f6ea-4884-a5ea-6003d9224872,duffy.irish,premium,200.5,,high,low,5,unstoppable,,,29/09/2026 03:40
896bf5c9-b046-4ba0-bda9-fa0fc7ee0b7c,decease.irish,available,5.98,31.98,medium,low,7,namecheap,,,24/09/2026 19:36
5db5e57d-0872-45a5-824b-58ac3d1ffe7e,macho.irish,available,5.98,31.98,high,low,5,namecheap,,,11/08/2026 11:31
a008f021-7340-4cf8-acbc-a78ed1191cf2,sharma.irish,available,5.98,31.98,high,low,6,namecheap,,,28/09/2026 03:27
61b5e203-07b5-4bc3-a644-a7e9020e1cf5,marjorie.irish,available,5.38,17.8,high,low,8,spaceship,,,29/09/2026 04:00
a55f46ca-62d5-49c0-a4ee-8cfc40957a03,coequal.irish,available,5.98,31.98,medium,low,7,namecheap,,,12/08/2026 15:22
12925120-3e11-4de6-8e47-c12555b93a65,fleeting.irish,available,5.98,31.98,high,low,8,namecheap,,,18/08/2026 07:51
6d65e193-92c4-4f72-bc3e-b5b0df215da0,astute.irish,available,7.49,22.49,high,low,6,namesilo,,,22/09/2026 10:35
db3e8ac2-9c15-422e-baaa-b4e005607ec5,chemung.irish,available,7.49,22.49,medium,low,7,namesilo,,,03/10/2026 04:15
2b394371-8a47-443d-9097-a0de9198baf2,verma.irish,available,7.49,22.49,medium,low,5,namesilo,,,02/10/2026 02:53
7a12c3af-780f-41cf-a116-d88a50ccdd16,dyck.irish,available,5.98,31.98,medium,low,4,namecheap,,,30/09/2026 21:56
ccb74a5a-dbaa-472b-a1e5-f93df29c1f37,hoping.irish,available,7.49,22.49,high,low,6,namesilo,,,25/09/2026 11:50
c02b6779-b701-4968-b213-68862f58e8a2,vivid.irish,available,7.49,22.49,high,low,5,namesilo,,,25/09/2026 13:33
764b6de7-88d7-401c-9367-7f95dff0381e,boneless.irish,available,5.98,31.98,medium,low,8,namecheap,,,10/08/2026 18:38
94b13e75-d769-4d6a-843b-1269916077ec,kota.irish,available,7,,high,low,4,unstoppable,,,30/09/2026 02:06
f6e8e17e-0218-47a7-81af-f8557b00ee0d,cyanide.irish,available,17.2,17.2,medium,low,7,cloudflare,,,30/09/2026 09:19
a43443ab-be1e-4f22-b02a-72ad8bf8103d,anatidae.irish,available,7.49,22.49,medium,low,8,namesilo,,,19/09/2026 03:26
761f292b-a7fb-4c39-8f3d-8f4a45d77148,attempting.irish,available,5.38,17.8,medium,low,10,spaceship,,,28/09/2026 12:29
e29ab52f-0d0e-48a2-b994-53b5757a507d,megascopic.irish,available,5.98,31.98,medium,low,10,namecheap,,,24/08/2026 19:26
1d85f5ba-06af-415e-903b-88069ddfd544,particles.irish,available,5.38,17.8,medium,low,9,spaceship,,,03/10/2026 01:16
56b05f15-5db4-4c99-ba62-5b428f97ab55,rat.irish,available,5.98,31.98,high,low,3,namecheap,,,11/08/2026 09:11
23f80a8a-6626-4419-9e11-15b3cd5f5210,rococo.irish,available,5.98,31.98,high,low,6,namecheap,,,09/09/2026 18:12
198c6fc0-bdd1-4866-8c44-8021d72e789e,spy.irish,available,7.49,22.49,high,low,3,namesilo,,,25/09/2026 10:42
a9650f96-e836-400a-bfa1-1d5d7658429b,nosey.irish,available,5.98,31.98,medium,low,5,namecheap,,,03/09/2026 21:50
5ab8fe80-d6a3-49df-b848-27d64e51a52e,toured.irish,available,7.49,22.49,medium,low,6,namesilo,,,20/09/2026 05:39
bfc1490d-c40f-47ef-bf69-af445bf9d422,lohan.irish,available,7.49,22.49,medium,low,5,namesilo,,,20/09/2026 05:07
f91dc88d-2fc0-4e99-8c68-51e4d461f1ed,taps.irish,available,5.57,18.41,high,low,4,dynadot,,,29/09/2026 20:29
b34c4134-b9ae-4a9a-99a8-37a880aea48e,february.irish,available,5.98,31.98,high,low,8,namecheap,,,29/09/2026 19:03
8be17d38-e957-42e0-b0da-f1cd87291bd4,rumored.irish,available,5.38,17.8,medium,low,7,spaceship,,,01/10/2026 06:08
698d32ed-c5a5-4341-b52e-44dcbc425bb9,diffusely.irish,available,5.98,31.98,medium,low,9,namecheap,,,14/09/2026 12:36
a34cb8b5-dccb-4591-9ba5-a3c96d8f476a,permissive.irish,available,5.98,31.98,medium,low,10,namecheap,,,08/09/2026 17:48
4355d0a1-d1bf-49a4-a044-5005b66c1f54,amort.irish,available,5.98,31.98,medium,low,5,namecheap,,,
35f60539-123d-4a7a-8331-ea364ced668a,agential.irish,available,5.98,31.98,medium,low,8,namecheap,,,
533a3429-3bd9-4e52-a471-c03ebbe37e99,operates.irish,available,7.49,22.49,medium,low,8,namesilo,,,29/09/2026 10:32
42d89cca-75e3-45b1-a4ca-56f715b14030,edified.irish,available,5.98,31.98,medium,low,7,namecheap,,,15/08/2026 09:32
d57cb8af-9aaf-4ec5-a1be-50c0ae3a93a9,police.irish,available,5.66,18.02,high,low,6,porkbun,,,29/09/2026 11:14
7b402aae-48c4-4473-a980-aefd94bcb519,arianrhod.irish,available,7.49,22.49,medium,low,9,namesilo,,,20/09/2026 05:14
e6e533a1-1b06-44ce-a81e-f2e28ce1ab44,antigen.irish,available,9.99,27.99,high,low,7,name.com,,,19/09/2026 14:24
0f1775ac-7b98-4d0e-b411-7cb68ebc4487,munich.irish,available,5.38,17.8,high,low,6,spaceship,,,30/09/2026 05:22
c0f7341b-c91c-4b65-aad2-7e717cd40643,unholy.irish,available,5.98,31.98,medium,low,6,namecheap,,,14/08/2026 01:33
03e2d3bb-0f48-457e-9fa2-e89fadc9b634,millimeter.irish,available,5.66,18.02,high,low,10,porkbun,,,30/09/2026 18:02
adb50151-27d9-4eb6-9d91-1ce9953e8652,throngs.irish,available,7.49,22.49,medium,low,7,namesilo,,,20/09/2026 14:21
034af061-5a9d-42fb-9456-b619d8b5dc7a,dumps.irish,available,17.2,17.2,high,low,5,cloudflare,,,30/09/2026 09:26
5c4fdf72-c878-4aba-bb0a-8136ef186d06,blat.irish,available,5.98,31.98,medium,low,4,namecheap,,,10/08/2026 13:38
8055a54d-bd8d-4557-a3f1-7717ee3645e3,benumb.irish,available,5.98,31.98,medium,low,6,namecheap,,,03/09/2026 22:47
11f04003-5344-4b28-b0a4-f839e08eee86,graphics.irish,available,7.49,22.49,high,low,8,namesilo,,,28/09/2026 22:24
58d3f9c2-e8b6-4a86-9b9d-c715a5865cd5,anselm.irish,available,7.49,22.49,high,low,6,namesilo,,,19/09/2026 12:02
6b437499-c76b-46b9-961c-c3d68e836161,went.irish,available,7.49,22.49,high,low,4,namesilo,,,30/09/2026 22:44
8c2fad25-c832-4fd8-9d2e-0756548038db,terrestrial.irish,available,7,,high,low,11,unstoppable,,,03/10/2026 02:43
7fc6c393-5689-4f01-9bf4-a32049c692b6,braided.irish,available,5.98,31.98,high,low,7,namecheap,,,11/08/2026 01:28
5d8aeea6-a3aa-46e6-995c-238e7e77cf91,dingy.irish,available,5.98,31.98,medium,low,5,namecheap,,,09/08/2026 09:20
0cd6a5a7-323a-4533-b611-7addca24b35f,ciliate.irish,available,5.98,31.98,medium,low,7,namecheap,,,12/08/2026 08:06
8a4f3166-5547-4beb-bbf5-69a6e8f748e8,questioned.irish,available,7,,low,low,10,unstoppable,,,28/09/2026 08:50
48113185-5b74-4fee-ad9e-4042835c4130,antlered.irish,available,5.98,31.98,medium,low,8,namecheap,,,05/08/2026 20:11
4004cbeb-eb3f-4718-8d7d-6a4f0178ddb9,ateles.irish,available,5.98,31.98,medium,low,6,namecheap,,,20/09/2026 20:01
75477540-84a2-454a-a522-f4c48f735ffd,ceric.irish,available,5.98,31.98,medium,low,5,namecheap,,,12/08/2026 00:39
59fda34c-f4c4-4100-9151-2c07da742e35,dante.irish,available,7,,high,low,5,unstoppable,,,28/09/2026 05:29
49698236-25cf-4519-b088-f30f90be4476,dimorphic.irish,available,5.98,31.98,medium,low,9,namecheap,,,14/08/2026 08:09
883d7c1e-91a2-447e-9e76-8ae9d5e45b0d,annapolis.irish,available,7.49,22.49,high,low,9,namesilo,,,19/09/2026 10:10
e1bd03cf-93c1-4fdf-837e-a1cd28f0ef37,emotion.irish,available,5.57,18.41,high,low,7,dynadot,,,29/09/2026 18:04
4dfebb69-5ff0-4ee7-a8a9-83eab05de4c7,drifter.irish,available,5.98,31.98,medium,low,7,namecheap,,,13/09/2026 00:50
069826be-a9f8-4e03-8310-e38fc92585e9,arguer.irish,available,7.49,22.49,medium,low,6,namesilo,,,20/09/2026 04:46
2afee6bf-5117-482c-b5d3-b730e885e023,southall.irish,available,17.2,17.2,medium,low,8,cloudflare,,,02/10/2026 21:15
3cb8aa2e-0929-4688-9ca2-1539ab3d7f07,bantam.irish,available,5.98,31.98,medium,low,6,namecheap,,,08/08/2026 14:01
a8430e90-61bd-4770-92ee-4b52696734bc,prospect.irish,available,17.2,17.2,high,low,8,cloudflare,,,28/09/2026 14:06
1ef4b30e-83d9-453d-bbff-28c79bb2a6a6,vanished.irish,available,5.98,31.98,medium,low,8,namecheap,,,13/09/2026 01:09
6ea9708b-1538-49cd-8f4a-902ffab05d87,uneventful.irish,available,5.98,31.98,medium,low,10,namecheap,,,12/09/2026 09:21
b956b76f-3757-49b5-8ad7-fae78ed95e9f,archdeacon.irish,available,7.49,22.49,medium,low,10,namesilo,,,20/09/2026 01:53
70d1d412-d691-4212-861b-fa5c7ee94e52,minimalism.irish,available,7.49,22.49,high,low,10,namesilo,,,03/10/2026 01:37
df4de1f2-ba65-46db-93b6-b2c3424e7f3a,wanna.irish,available,7.49,22.49,high,low,5,namesilo,,,26/09/2026 00:48
92cacf00-557b-40d6-a579-9a5eb56c2262,fourth.irish,available,5.98,31.98,high,low,6,namecheap,,,
c6d46c5f-34ee-4075-9c75-0faa040c26e8,ellen.irish,available,5.57,18.41,high,low,5,dynadot,,,02/10/2026 09:09
a9580cc2-4482-42bb-b698-e8c6b84b49f0,hagerstown.irish,available,17.2,17.2,high,low,10,cloudflare,,,29/09/2026 19:06
2b3ae90d-5a27-4d6a-8dfc-17af1c3aa938,sewers.irish,available,7,,low,low,6,unstoppable,,,01/10/2026 16:30
3c0504dd-e35d-4d88-bf4a-954141e1e362,edgewise.irish,available,5.98,31.98,medium,low,8,namecheap,,,14/09/2026 15:02
c2a15dea-e558-406a-8c88-07ba8ab22f3a,wanton.irish,available,5.98,31.98,medium,low,6,namecheap,,,25/08/2026 07:57
47f8cad1-2f86-40d8-ad4d-9755783d9991,lms.irish,available,7.49,22.49,high,low,3,namesilo,,,29/09/2026 15:35
34c8bbde-a8c0-46dd-9833-a4d17a7b3efd,abyla.irish,available,5.98,31.98,medium,low,5,namecheap,,,16/09/2026 15:53
289ba562-7e08-4b4a-b281-93315de4fc06,artist.irish,available,5.38,17.8,high,low,6,spaceship,,,01/10/2026 20:15
ac00aca7-4934-437a-85d6-68d0918be62a,shamanism.irish,available,7.49,22.49,high,low,9,namesilo,,,20/09/2026 14:05
74324c63-1f0c-4cb8-90cd-e586c64b101b,dismiss.irish,available,7,,high,low,7,unstoppable,,,29/09/2026 15:34
c3e1407d-397d-43d2-af3b-ce4375f981a9,thwart.irish,available,5.98,31.98,medium,low,6,namecheap,,,09/09/2026 08:15
2bee7302-dafc-43df-bfdf-421eb541113c,hilarious.irish,available,5.98,31.98,high,low,9,namecheap,,,21/08/2026 09:21
6d31b4a7-5db0-4928-92aa-70070a7f175d,anorectal.irish,available,5.98,31.98,medium,low,9,namecheap,,,
1dde6807-4624-4bc6-bc2b-6feba7b75f07,ampul.irish,available,7.49,22.49,medium,low,5,namesilo,,,18/09/2026 23:49
9a411bd4-82f4-4620-bfa4-7419fc1a1137,cary.irish,available,7.49,22.49,high,low,4,namesilo,,,25/09/2026 12:59
043e51a4-ed80-40f0-bfc9-a34ce567f712,alps.irish,available,7.49,22.49,high,low,4,namesilo,,,18/09/2026 14:12
c0c3ce31-0811-46d4-884e-da5c7de1a968,reeder.irish,available,5.38,17.8,high,low,6,spaceship,,,02/10/2026 19:06
a72ead54-e1b2-4c2f-af11-86b9944e81b4,sideboard.irish,available,7.49,22.49,high,low,9,namesilo,,,24/09/2026 10:55
41adba59-a84d-43fe-bda9-cf8679ec6bee,boer.irish,available,5.98,31.98,high,low,4,namecheap,,,
452a274f-684d-42b9-b427-aee647a7ed78,apsis.irish,available,7.49,22.49,medium,low,5,namesilo,,,19/09/2026 22:40
5386b470-6c89-47ef-b3cc-580919e86f3a,mast.irish,available,5.98,31.98,high,low,4,namecheap,,,29/09/2026 19:37
d1c5882b-9aa2-42ef-af45-e5f4d84b2fd9,maryland.irish,available,17.2,17.2,high,low,8,cloudflare,,,28/09/2026 19:17
a1feefd5-383b-4f73-b3c5-fa80bb33b33a,retrieved.irish,available,9.99,,medium,low,9,name.com,,,
13b110e4-8f27-4d87-b96e-461c4dfbac3f,tracks.irish,available,5.98,31.98,high,low,6,namecheap,,,17/09/2026 16:05
21b33733-e80e-44ae-8b1f-7430a3ae8501,merging.irish,available,5.98,31.98,high,low,7,namecheap,,,24/08/2026 20:43
952ac7fa-812b-43fa-90c6-a4667268eda7,finalist.irish,available,5.38,17.8,high,low,8,spaceship,,,02/10/2026 15:11
29a79a8b-99f9-4c26-bf02-dbef44eb8ea9,lig.irish,available,5.38,17.8,high,low,3,spaceship,,,30/09/2026 19:16
5ffdb3cd-a866-4dc0-ae77-b2eed6a11064,alexanders.irish,available,7.49,22.49,medium,low,10,namesilo,,,18/09/2026 05:47
2df42b05-5335-41d7-9419-de110afa9ea5,brawny.irish,available,5.98,31.98,high,low,6,namecheap,,,11/08/2026 02:47
c6a30089-165c-49cf-b6db-c6661bb764e3,muller.irish,available,5.38,17.8,high,low,6,spaceship,,,29/09/2026 18:58
a25ef437-85f8-488e-a698-e3bfdddfd3ae,itching.irish,available,9.99,37.99,medium,low,7,godaddy,,,30/09/2026 02:03
8a2bab86-b3bb-4d46-9c1e-684ad14e21e5,mass.irish,available,17.2,17.2,high,low,4,cloudflare,,,01/10/2026 08:49
caf16a4c-b541-4ae5-8c68-91d2fa6842c0,waveforms.irish,available,5.98,31.98,medium,low,9,namecheap,,,01/10/2026 00:59
2e20617a-3a1d-478a-ae66-20dad06cb0ed,band.irish,available,17.2,17.2,high,low,4,cloudflare,,,29/09/2026 00:56
28ee02c6-52f3-40b5-af44-bfb6af844a11,albert.irish,available,7.49,22.49,high,low,6,namesilo,,,18/09/2026 02:35
ca24fbf7-2dea-41d0-bc47-3d6cd535e6a2,sweeter.irish,available,7.49,22.49,medium,low,7,namesilo,,,02/10/2026 13:05
fb10c820-8644-4805-a3f7-ba3cc7875eaf,buren.irish,available,5.38,17.8,medium,low,5,spaceship,,,27/09/2026 20:26
33e3b109-0596-4c43-9b4d-464cda0c78f6,equity.irish,available,7.49,22.49,high,low,6,namesilo,,,30/09/2026 01:33
403247db-8798-41e1-83c3-33fbd10f6e89,steal.irish,available,5.38,17.8,medium,low,5,spaceship,,,29/09/2026 05:35
d51d4115-fffa-474e-80ee-ae46d3bf75a3,disrepair.irish,available,7.49,22.49,medium,low,9,namesilo,,,24/09/2026 23:02
3e108d44-6398-476d-bbcd-93a813255a37,restive.irish,available,5.98,31.98,medium,low,7,namecheap,,,15/08/2026 09:28
711b184f-3c05-4f98-93f3-cdb8afe0fb09,bates.irish,available,7.49,22.49,medium,low,5,namesilo,,,28/09/2026 12:13
515d8da1-82f9-466c-8d0a-2e3b7b7cd0eb,physicist.irish,available,7,,high,low,9,unstoppable,,,29/09/2026 19:58
12ec32a4-6924-4b82-bde8-940c358fcaf1,lull.irish,available,5.98,31.98,high,low,4,namecheap,,,11/08/2026 15:04
751664b6-d195-4f1a-8644-e5b29d6bff6c,ligands.irish,available,5.57,18.41,medium,low,7,dynadot,,,28/09/2026 00:44
334459a5-9402-4222-b72b-cb465c916b3f,communism.irish,available,5.98,31.98,high,low,9,namecheap,,,24/09/2026 16:38
bce294fe-a8bc-42c1-8f65-e0a8c822dd67,comfortable.irish,available,7.49,22.49,high,low,11,namesilo,,,26/09/2026 00:46
f2160e2f-ee69-48ee-b8a2-4b402d6155f3,felicia.irish,available,5.66,18.02,high,low,7,porkbun,,,29/09/2026 18:52
c49ef6ec-fb29-4701-8fdf-983b0f341442,sorting.irish,available,7.49,22.49,high,low,7,namesilo,,,30/09/2026 02:57
c764b138-f4e6-4dc3-8347-76c6710789bd,swimmer.irish,available,7.49,22.49,high,low,7,namesilo,,,22/09/2026 13:29
e57b725e-27d5-4715-adf5-cb297c8f6b0e,teetotal.irish,available,5.98,31.98,medium,low,8,namecheap,,,11/09/2026 10:14
19aae783-4de8-4df6-9008-233b787b7df4,bushes.irish,available,17.2,17.2,medium,low,6,cloudflare,,,28/09/2026 23:23
63043ce2-b7b5-4057-ba6f-a4df5bede3bc,chesterton.irish,available,7.49,22.49,medium,low,10,namesilo,,,30/09/2026 09:08
aefd0f3b-7d5e-4c0b-bdcc-a8cf5113fdc6,anomala.irish,available,7.49,22.49,medium,low,7,namesilo,,,19/09/2026 11:24
0df3c622-743a-4994-bceb-ea8ce88731f0,rockets.irish,available,7,,medium,low,7,unstoppable,,,28/09/2026 13:30
bf827b88-ff9b-4860-8a18-813d50201320,placed.irish,available,7.49,22.49,high,low,6,namesilo,,,25/09/2026 14:13
442e1aa8-b97d-4120-a9ba-567238201741,underwater.irish,available,5.98,31.98,medium,low,11,namecheap,,,16/09/2026 17:58
7bdcbdc2-77ef-4a63-adb1-f0a42db9157b,moulding.irish,available,7.49,22.49,medium,low,8,namesilo,,,24/09/2026 15:25
ce212995-26be-4b71-968d-4b1d8c7d8d5b,sharp.irish,available,7.49,22.49,high,low,5,namesilo,,,21/09/2026 16:42
1cac12fc-73c6-416f-bc37-822640bdcfb4,ananas.irish,available,5.98,31.98,high,low,6,namecheap,,,19/09/2026 02:03
ea095596-deda-43b7-a8be-5d650986c6be,condign.irish,available,5.98,31.98,medium,low,7,namecheap,,,12/08/2026 20:26
b2d69432-2cd1-49db-ab4e-9edd56c0d51c,puppet.irish,available,7.49,22.49,high,low,6,namesilo,,,28/09/2026 02:20
fe9522f6-e0e1-4a24-b9bf-1447a89de409,encodes.irish,available,5.38,17.8,low,low,7,spaceship,,,28/09/2026 17:50
242a4eea-0acb-4c4b-81ea-46ad3014f21b,lousy.irish,available,7.49,22.49,medium,low,5,namesilo,,,24/09/2026 01:33
0a02c948-0321-4b3a-bbd2-18541983c793,sectors.irish,available,7,,medium,low,7,unstoppable,,,01/10/2026 17:50
15d2eb69-9135-48d7-8374-0fe156dece41,defences.irish,available,5.38,17.8,low,low,8,spaceship,,,01/10/2026 17:58
7537a2ba-0a3d-4e73-bb05-482536cfc58c,susquehanna.irish,available,7.49,22.49,medium,low,11,namesilo,,,27/09/2026 01:59
7c0819eb-3d05-4fbd-90bb-3b7f4e6e5e57,upstage.irish,available,5.98,31.98,medium,low,7,namecheap,,,
33b0b2ac-77de-4369-b2e8-b44ae421811a,neoliberal.irish,available,5.98,31.98,high,low,10,namecheap,,,03/09/2026 15:23
4e09dab2-6674-4c90-95df-fa677358d345,chute.irish,available,9.99,37.99,medium,low,5,godaddy,,,01/10/2026 01:21
ced1a845-7285-481c-880f-9a36c1ca66dc,erse.irish,available,5.98,31.98,high,low,4,namecheap,,,18/08/2026 19:28
4b236f58-1b4c-4efa-96ef-6e143571249e,quack.irish,available,5.98,31.98,high,low,5,namecheap,,,09/09/2026 07:16
8b819191-49db-4fa3-903d-748ae6d76033,idaho.irish,available,7.49,22.49,high,low,5,namesilo,,,01/10/2026 02:17
3e077414-e203-407c-b4ba-238ffa0dd7e7,rico.irish,available,7.49,22.49,high,low,4,namesilo,,,19/09/2026 14:11
bf6c0535-6db0-4cd9-838c-a5970fba62a4,clash.irish,available,7.49,22.49,high,low,5,namesilo,,,29/09/2026 09:50
d1dcbcca-401c-41ee-ae7b-f88190af3a45,specks.irish,available,7.49,22.49,medium,low,6,namesilo,,,20/09/2026 10:46
3592cfa2-8ff1-4242-bc8c-8179f79263c4,dismayed.irish,available,5.98,31.98,medium,low,8,namecheap,,,
1ba5aad0-796a-415c-9fc7-a9b72982c78e,entertaining.irish,available,5.38,17.8,high,low,12,spaceship,,,28/09/2026 07:00
8aab9299-6932-4322-89bb-cb910a6ca310,cardwell.irish,available,7.49,22.49,high,low,8,namesilo,,,02/10/2026 00:42
fdc12a0d-54d7-4d62-9483-c17de2f589b0,clutter.irish,available,5.98,31.98,medium,low,7,namecheap,,,01/10/2026 18:58
66ace640-9234-4bfb-8b8f-31da915172a9,closed.irish,available,5.98,31.98,high,low,6,namecheap,,,12/08/2026 12:15
9747f4a7-8f41-4bfb-9bdd-6342593a59e2,hieratic.irish,available,5.98,31.98,medium,low,8,namecheap,,,21/08/2026 08:24
55a02e1a-87ec-4344-b8e1-75d0956b85c5,monro.irish,available,5.66,18.02,medium,low,5,porkbun,,,02/10/2026 20:22
47b237f1-7960-4aa9-ab3f-3a5957407389,anaglyph.irish,available,7.49,22.49,medium,low,8,namesilo,,,19/09/2026 01:21
deb7c3c2-b7e8-4909-8189-0185560801ed,nonexempt.irish,available,5.98,31.98,medium,low,9,namecheap,,,03/09/2026 19:09
afb9c1c5-104e-4724-8d15-72e2bcad1c43,worshipped.irish,available,5.38,17.8,medium,low,10,spaceship,,,29/09/2026 16:18
07c3459c-ef21-4f49-968e-b296246cc551,congruence.irish,available,17.2,17.2,high,low,10,cloudflare,,,02/10/2026 14:44
233bc96b-3fea-48f6-9b2e-48b75d55c8aa,acoustical.irish,available,5.98,31.98,medium,low,10,namecheap,,,
527dc5c8-76cc-4217-a9ca-033b193d13fa,pressing.irish,available,5.98,31.98,high,low,8,namecheap,,,27/09/2026 05:26
f38259e1-345a-42e3-97f4-7e01aacf1ad8,sanctioned.irish,available,5.98,31.98,medium,low,10,namecheap,,,06/08/2026 09:24
90f35312-6833-4d03-8979-122726b875a6,ratios.irish,available,5.98,31.98,medium,low,6,namecheap,,,20/09/2026 23:23
2164a6a6-70ee-4277-89e6-0f46390b18ae,truncheon.irish,available,7.49,22.49,medium,low,9,namesilo,,,23/09/2026 16:38
4bc8514c-fff0-4ac2-822f-3ebf2d082cfb,citizenship.irish,available,9.99,,high,low,11,name.com,,,
b08ad4b4-0828-485b-aa0e-87f755636ca6,spreads.irish,available,7.49,22.49,medium,low,7,namesilo,,,29/09/2026 11:29
6b51a970-00d3-400e-a318-c69e44237d9b,slicing.irish,available,5.38,17.8,high,low,7,spaceship,,,02/10/2026 15:03
2486ac91-ed3b-4258-84e9-4d742ca7b0c2,frederick.irish,available,7.49,22.49,high,low,9,namesilo,,,28/09/2026 01:56
c4c6235a-29c7-49f0-a034-91d9597d2fec,spaciously.irish,available,5.98,31.98,medium,low,10,namecheap,,,16/09/2026 00:04
90a39cd4-3e48-4fa0-8456-0c71e55cabab,buddies.irish,available,5.38,17.8,medium,low,7,spaceship,,,29/09/2026 06:02
40421a5c-b08b-484a-b3eb-16eb8e348212,omaha.irish,available,5.57,18.41,high,low,5,dynadot,,,28/09/2026 14:49
4997e593-7ca6-4efe-b547-7ab2079a432f,surgeon.irish,available,7.49,22.49,high,low,7,namesilo,,,25/09/2026 23:55
7a09e98f-0c66-4f63-beb3-d740037e28ca,migrant.irish,available,5.98,31.98,high,low,7,namecheap,,,24/08/2026 22:47
6ee2272e-13ca-4800-8c7d-f9aa41dcbd31,avalanche.irish,available,5.98,31.98,high,low,9,namecheap,,,21/09/2026 08:38
470debd5-5114-4209-b8cc-9f5a085bd12a,valley.irish,available,7,,high,low,6,unstoppable,,,30/09/2026 14:16
391c50fa-a9e6-4218-8f8c-a16253696ebd,ariel.irish,available,5.38,17.8,high,low,5,spaceship,,,28/09/2026 07:27
214bf28f-f044-49c7-b21e-e1b0d21bda1f,perfecting.irish,available,7.49,22.49,high,low,10,namesilo,,,02/10/2026 13:45
33e3b27e-9a11-4b48-9b5c-11be6534212c,dickson.irish,available,7.49,22.49,high,low,7,namesilo,,,25/09/2026 15:42
266ddfe1-236d-4c4f-aef2-b9361c5d5b5c,crops.irish,available,5.66,18.02,medium,low,5,porkbun,,,29/09/2026 04:57
48e41299-4e05-4031-9264-62402771db92,electronics.irish,available,5.38,17.8,high,low,11,spaceship,,,28/09/2026 17:13
80e5efda-7328-45d9-993f-c0bdebc6fe35,habitation.irish,available,5.38,17.8,high,low,10,spaceship,,,02/10/2026 14:54
96edcf9c-b0b5-4912-aabe-31604f351da5,recreation.irish,available,7.49,22.49,medium,low,10,namesilo,,,01/10/2026 15:30
a16fef2d-1cba-4c1e-bc5d-3366a71005cf,gleeful.irish,available,5.98,31.98,high,low,7,namecheap,,,20/08/2026 14:21
d6fa2391-af03-4f79-af81-7c374231ff17,macquarie.irish,available,5.57,18.41,high,low,9,dynadot,,,29/09/2026 09:16
1fd303fd-bdd6-4fc0-bb7c-d398ee3e4a70,academic.irish,available,7.49,22.49,high,low,8,namesilo,,,21/09/2026 15:21
878e8bc3-23c3-47e4-984c-a04b40c5b9c8,slovak.irish,available,7.49,22.49,high,low,6,namesilo,,,25/09/2026 10:44
93cbceb3-ad1e-4890-b1f3-005b40b48486,abernathy.irish,available,5.38,17.8,medium,low,9,spaceship,,,02/10/2026 20:18
9d32c556-0fdc-4dbe-9e85-7604b1b39b92,viewed.irish,available,7.49,22.49,high,low,6,namesilo,,,30/09/2026 03:50
7e623b9c-8450-42ea-90e0-0e3be03dc7fe,consultancy.irish,available,5.98,31.98,high,low,11,namecheap,,,02/10/2026 21:46
585d5f21-1126-4b1d-b159-39d2b707170a,states.irish,available,7.49,22.49,high,low,6,namesilo,,,19/09/2026 11:16
3bc70aa7-b852-4976-9301-cacdbeef969c,chamomile.irish,available,7.49,22.49,high,low,9,namesilo,,,19/09/2026 13:01
de694d86-77ad-41c3-a4c2-ca7441cc0031,anew.irish,available,5.98,31.98,high,low,4,namecheap,,,13/09/2026 18:03
d309bf5e-dab2-4d96-abe0-ff9b35be9c47,sundays.irish,available,7.49,22.49,high,low,7,namesilo,,,18/09/2026 10:50
21f60be3-d91c-47d8-864f-63bb426db55c,outward.irish,available,5.98,31.98,high,low,7,namecheap,,,04/09/2026 19:00
e44f1ead-15ad-433d-aaed-e14533215852,vaginal.irish,available,5.98,31.98,medium,low,7,namecheap,,,13/09/2026 00:49
ec0be362-b1a7-4190-a830-b3121ec08758,producers.irish,available,5.38,17.8,medium,low,9,spaceship,,,28/09/2026 23:09
72e90baf-93af-4b2d-a3cb-7eadaff9a185,repay.irish,available,7.49,22.49,high,low,5,namesilo,,,28/09/2026 06:39
155aacca-c1a5-4d03-8959-500a4ceea276,vojvodina.irish,available,7,,high,low,9,unstoppable,,,01/10/2026 23:46
6a156718-616a-42c0-8c4e-548212128f77,ataraxic.irish,available,5.98,31.98,low,low,8,namecheap,,,07/08/2026 12:49
19922b0d-e56f-4fd3-b5a7-bd1864cd8df4,lewisburg.irish,available,17.2,17.2,medium,low,9,cloudflare,,,02/10/2026 10:31
f9d88a03-b475-48f8-988b-95c21f9c3d04,neighborly.irish,available,5.98,31.98,high,low,10,namecheap,,,03/09/2026 15:16
3c6ebda7-1411-4478-9762-79f0fa19f3a9,nwa.irish,available,17.2,17.2,high,low,3,cloudflare,,,30/09/2026 04:42
7e779b41-62a6-4271-a7f6-5feb21ea594f,nashville.irish,available,7,,high,low,9,unstoppable,,,29/09/2026 07:04
a61cb3cd-be10-4fec-8248-1c354edb44a2,multilayer.irish,available,7.49,22.49,medium,low,10,namesilo,,,02/10/2026 01:55
97e07677-94f2-482e-bcf0-c85ac90a6d12,sewing.irish,available,7.49,22.49,high,low,6,namesilo,,,28/09/2026 10:54
3bcd7254-9ebf-46e6-8474-ef800b325ca6,emblematic.irish,available,5.98,31.98,high,low,10,namecheap,,,16/08/2026 09:29
27ba6dbb-7987-4461-977c-3a7029833dd6,belike.irish,available,5.98,31.98,medium,low,7,namecheap,,,04/09/2026 04:45
f659f666-74fa-4f26-996b-2f175a4607f2,unload.irish,available,17.2,17.2,high,low,6,cloudflare,,,29/09/2026 08:24
8c0f9d4e-fc8a-48b9-ab4c-14b99871fb17,freed.irish,available,17.2,17.2,medium,low,5,cloudflare,,,29/09/2026 05:07
2fb39c8e-5c0a-46c3-a6bf-e01eceafd16e,expansive.irish,available,5.98,31.98,high,low,9,namecheap,,,17/08/2026 18:00
0af98415-4739-467e-9967-5eca03049cc0,those.irish,available,9.99,37.99,medium,low,5,godaddy,,,01/10/2026 01:32
bcd102b3-b729-4f0c-93d2-97e5a4fecae0,unspoilt.irish,available,5.98,31.98,medium,low,8,namecheap,,,12/09/2026 07:10
2e632577-6a3f-4305-a700-1b9983aad5f9,unadvised.irish,available,5.98,31.98,medium,low,9,namecheap,,,21/08/2026 18:49
db4b7671-1ad3-4593-bf2e-21e9dff64bd2,begotten.irish,available,5.98,31.98,medium,low,8,namecheap,,,09/08/2026 09:11
a45211ce-8dbc-4058-81ff-64eb7dec0c98,rabbis.irish,available,7,,medium,low,6,unstoppable,,,02/10/2026 14:22
a5345ba5-2476-4fe2-9b7b-b1aa35969a9e,evenhanded.irish,available,5.98,31.98,high,low,10,namecheap,,,17/08/2026 14:52
478b5401-329d-4e03-b190-1d2aadea5ba0,nicholson.irish,available,7.49,22.49,high,low,9,namesilo,,,25/09/2026 15:56
fa803382-d0ad-40c2-86c7-af431195d15a,tumor.irish,available,7.49,22.49,medium,low,5,namesilo,,,28/09/2026 10:32
c79f48af-fa60-4507-9817-eda366957dda,wavelength.irish,available,5.38,17.8,high,low,10,spaceship,,,30/09/2026 03:06
e6727776-c791-4a34-b52f-1443d0023c6f,honest.irish,available,5.98,31.98,high,low,6,namecheap,,,21/08/2026 13:19
6091acbb-6891-4eb1-984f-e65b950d2dc9,city.irish,available,7,,high,medium,4,unstoppable,,,29/09/2026 09:34
174a7c22-fd26-4bc4-b6ee-373829377af0,cased.irish,available,5.98,31.98,medium,low,5,namecheap,,,11/08/2026 20:04
96886211-2697-4dfc-a284-ad79fe280115,cobbler.irish,available,5.57,18.41,high,low,7,dynadot,,,02/10/2026 14:40
c3b576a3-e063-4627-99b7-bd55c3d645a1,struck.irish,available,5.98,31.98,medium,low,6,namecheap,,,10/09/2026 11:50
7ef760c5-c629-4e91-9ef6-2ef8c5379f59,proceeding.irish,available,5.38,17.8,medium,low,10,spaceship,,,28/09/2026 10:14
55de8e34-e481-428e-b4a5-ca8de84bcdf1,semicircular.irish,available,17.2,17.2,medium,low,13,cloudflare,,,29/09/2026 03:26
7b8af15b-5c34-48f2-8e8a-87d901c3265a,airbrush.irish,available,7.49,22.49,high,low,8,namesilo,,,17/09/2026 23:00
9605a216-de92-4c0d-a297-674720e8e1f4,belfry.irish,available,5.98,31.98,high,low,6,namecheap,,,23/09/2026 04:56
538ded6f-05fd-41a0-a19a-016b19f9d616,apotheosis.irish,available,5.98,31.98,high,low,10,namecheap,,,03/09/2026 20:11
8d91791e-f339-4ea7-91fe-4640cf9d8bda,carven.irish,available,5.98,31.98,medium,low,6,namecheap,,,11/08/2026 19:59
5f8d9af5-16a8-4e01-b585-cc801afcd101,darlington.irish,available,7.49,22.49,high,low,10,namesilo,,,27/09/2026 06:24
91367ca5-c303-4670-8148-263ffc4e25bb,adriatic.irish,available,7.49,22.49,high,low,8,namesilo,,,17/09/2026 10:03
0a15ee62-3d7c-4bac-a2be-d8decba2b825,ocular.irish,available,5.98,31.98,high,low,6,namecheap,,,04/09/2026 00:41
9d4427af-a31e-4161-b5c6-2f674d8c494e,cleanup.irish,available,5.38,17.8,medium,low,7,spaceship,,,02/10/2026 21:28
604a94e9-cea0-4d26-ac97-ea4cfb77536b,clubbish.irish,available,5.98,31.98,medium,low,8,namecheap,,,12/08/2026 12:59
e4fcff82-0167-40f0-bdb5-b8a080916c92,sinuous.irish,available,5.98,31.98,medium,low,7,namecheap,,,10/09/2026 08:38
ba077540-d191-4a53-a370-19327aee1cae,crooked.irish,available,5.98,31.98,medium,low,7,namecheap,,,13/08/2026 07:51
0bcc8ff4-deea-4471-a37e-32137726b72a,kyushu.irish,available,17.2,17.2,high,low,6,cloudflare,,,29/09/2026 01:31
dd16b23c-fe59-416b-a769-6316af922db0,combines.irish,available,5.38,17.8,medium,low,8,spaceship,,,02/10/2026 02:48
6a9af7fc-19a6-400e-baba-68c8bc3c507b,adjacency.irish,available,7.49,22.49,high,low,9,namesilo,,,17/09/2026 08:24
42a67327-9c43-4113-99d2-c395c76601c7,saratov.irish,available,5.57,18.41,high,low,7,dynadot,,,02/10/2026 16:42
3ee647be-6ead-46b1-8029-d4fe91693b61,cosigner.irish,available,5.98,31.98,medium,low,8,namecheap,,,13/08/2026 02:49
d2bf67fe-5211-4037-b574-f313c4017fe8,gill.irish,available,7.49,22.49,high,low,4,namesilo,,,24/09/2026 08:09
7e02a549-18dd-4770-8af7-012127cac11c,punkie.irish,available,7.49,22.49,medium,low,6,namesilo,,,23/09/2026 22:31
628a77b7-b9b8-4911-9e0f-0c9bec67b487,synchronized.irish,available,5.38,17.8,high,low,12,spaceship,,,29/09/2026 21:20
563656fa-5bf9-4dba-a517-8ec081bfdff5,crepuscule.irish,available,5.98,31.98,medium,low,10,namecheap,,,11/09/2026 21:48
f585a9b1-032c-4d8d-abd2-3bc67c1066d4,arty.irish,available,5.98,31.98,medium,low,4,namecheap,,,06/08/2026 23:51
d9bf487d-5bb0-45dd-9b02-384860fd133a,belonging.irish,available,7.49,22.49,high,low,9,namesilo,,,23/09/2026 06:53
d2b1f0bb-7b0c-4762-ae37-8fee4f8b8fa6,blazonry.irish,available,7.49,22.49,medium,low,8,namesilo,,,24/09/2026 05:06
a7f63a83-49c8-4ffb-a401-38961fad88cd,testily.irish,available,5.98,31.98,low,low,7,namecheap,,,15/09/2026 09:30
ecad624a-35c1-494e-9bed-72123ac6f95e,newington.irish,available,5.38,17.8,medium,low,9,spaceship,,,30/09/2026 14:04
ae2a3fbd-a357-478d-8d51-88582cf34dad,penning.irish,available,5.98,31.98,medium,low,7,namecheap,,,21/09/2026 05:27
2e12ad8f-ac0a-4ae2-91a7-eab750077cf1,drab.irish,available,5.98,31.98,medium,low,4,namecheap,,,14/08/2026 11:43
55910467-d0c2-4a43-b8d5-85b8224ab312,gist.irish,available,5.98,31.98,high,low,4,namecheap,,,14/09/2026 23:42
2e9da4ec-804c-4970-8f95-365b250c501f,stubby.irish,available,5.98,31.98,high,low,6,namecheap,,,10/09/2026 22:56
ec6224b4-6a2c-43c0-921c-67eb1bedb646,dyson.irish,available,5.66,18.02,high,low,5,porkbun,,,29/09/2026 03:36
861a13af-d4a0-48c6-9154-0a3c2c87f5f7,cushion.irish,available,5.98,31.98,high,low,7,namecheap,,,24/09/2026 20:36
852c6f77-45f7-4804-bfae-3cd3044a8d93,orca.irish,available,5.57,18.41,high,medium,4,dynadot,,,29/09/2026 21:14
9950b4cf-4067-49f5-85fb-fb9f6d39df01,cryonic.irish,available,5.98,31.98,medium,low,7,namecheap,,,13/08/2026 09:37
57057bc0-34b4-4370-b6bb-35b720f66fdd,truce.irish,available,5.98,31.98,high,low,5,namecheap,,,20/09/2026 07:17
e0a1c3dd-01c8-4878-88b6-b28c2ac50cbd,bundle.irish,available,5.98,31.98,high,low,6,namecheap,,,29/09/2026 02:36
d60920c4-8946-4a6c-becb-265d3e17546a,stockings.irish,available,7.49,22.49,medium,low,9,namesilo,,,17/09/2026 08:14
6d7419fe-6716-48ea-9a83-c8645f40eb49,abridged.irish,available,5.98,31.98,high,low,8,namecheap,,,
f6bf6b3b-a0ca-46fb-9137-df392e299f35,warmed.irish,available,5.98,31.98,high,low,6,namecheap,,,13/09/2026 08:22
2dea4a41-677e-4531-8eda-fa5bd0e2f31b,stimulus.irish,available,5.98,31.98,high,low,8,namecheap,,,10/09/2026 20:39
8c5e7377-f2c5-448a-8ea3-0c8ad005f939,prevention.irish,available,5.98,31.98,high,low,10,namecheap,,,08/09/2026 14:09
6ee4234e-bfe9-4f71-b888-a39c6a5374ad,talented.irish,available,5.98,31.98,high,low,8,namecheap,,,18/08/2026 23:26
8c721f66-844e-4d40-b4e5-b15d466b72d4,rhino.irish,available,5.38,17.8,high,low,5,spaceship,,,29/09/2026 20:11
a93e2f34-3963-4eeb-8356-96c07b064a81,assessable.irish,available,5.98,31.98,medium,low,10,namecheap,,,07/08/2026 06:04
9138fc83-cb54-4f96-96e2-ad5b2741dc67,waitress.irish,available,5.38,17.8,high,low,8,spaceship,,,27/09/2026 16:14
4526112a-5fef-44a9-a398-fba1e0c60e79,intermittent.irish,available,5.38,17.8,high,low,12,spaceship,,,01/10/2026 04:59
bc372740-e967-4f03-9ea5-46886053b8ce,backhand.irish,available,5.98,31.98,high,low,8,namecheap,,,08/08/2026 05:43
43f861f7-bd3f-4559-b816-165d7e6ad130,improving.irish,available,5.98,31.98,high,low,9,namecheap,,,21/08/2026 23:17
00fcef59-a935-4456-88e4-816eaae43016,oath.irish,available,5.38,17.8,high,low,4,spaceship,,,27/09/2026 12:47
b57a3aca-ceec-438a-9485-0d0674738e4d,groin.irish,available,5.66,18.02,medium,low,5,porkbun,,,29/09/2026 18:05
23f436c0-1089-469f-a708-0648ab665c7e,arithmancy.irish,available,5.98,31.98,medium,low,10,namecheap,,,20/09/2026 06:00
0e74787b-5898-4d55-a2e4-67715be6cff3,restrictive.irish,available,7.49,22.49,medium,low,11,namesilo,,,01/10/2026 06:03
077ebaea-abff-47fb-95a4-8c7f52c3dd31,engagement.irish,available,7.49,22.49,high,low,10,namesilo,,,25/09/2026 10:18
dd301176-9df3-47f5-bdcf-a6ee6559d47d,vientiane.irish,available,5.38,17.8,high,low,9,spaceship,,,01/10/2026 01:16
994522e0-6217-410f-a4fc-e253413ab75b,baron.irish,available,7.49,22.49,high,low,5,namesilo,,,22/09/2026 07:01
17404671-ff34-4e7a-ade5-370fc897172e,sensible.irish,available,5.98,31.98,high,low,8,namecheap,,,09/09/2026 11:07
945faae8-7211-486b-9d04-85981ece406b,brahmins.irish,available,7.49,22.49,medium,low,8,namesilo,,,30/09/2026 00:48
6ffa0d80-33bc-4535-b136-4ba61f420f78,sixpenny.irish,available,5.98,31.98,medium,low,8,namecheap,,,10/09/2026 09:06
11699b81-9c1d-480a-aff6-ae70d11ddaa2,docile.irish,available,5.98,31.98,medium,low,6,namecheap,,,14/08/2026 14:17
d9b12e87-9042-4269-ba0f-a49807e1d878,unsullied.irish,available,5.98,31.98,medium,low,9,namecheap,,,10/09/2026 18:19
1ebe9976-e650-4076-8724-8bd2659254ee,dvd.irish,available,7,,high,low,3,unstoppable,,,29/09/2026 17:14
e9d3af8e-e280-4685-8616-b7bdcf8f841e,straying.irish,available,5.98,31.98,medium,low,8,namecheap,,,10/09/2026 22:14
7e181712-7689-4b74-8a65-2463d1a4fb2d,seeking.irish,available,7.49,22.49,high,low,7,namesilo,,,27/09/2026 15:47
525d7e73-50aa-459e-b7e4-31201456fe14,christian.irish,available,5.98,31.98,high,medium,9,namecheap,,,23/09/2026 14:35
0cef6757-2481-42c9-b35e-8d934d2d6ce1,enclothe.irish,available,5.98,31.98,medium,low,8,namecheap,,,19/09/2026 19:54
1e1512e4-909f-464e-a2ad-cc3b277de00e,mgmt.irish,available,7.49,22.49,high,low,4,namesilo,,,02/10/2026 11:45
36c6721b-9df1-4fa0-a712-870c595fc5df,earnestly.irish,available,5.98,31.98,medium,low,9,namecheap,,,14/09/2026 14:58
e78497d0-1a48-414f-94d9-4e10d1e12972,revd.irish,available,7.49,22.49,high,low,4,namesilo,,,01/10/2026 23:42
9c421be9-6261-4077-b507-f94acb1329c5,remotely.irish,available,5.98,31.98,medium,low,8,namecheap,,,15/09/2026 23:10
529eb302-15a4-42df-8f76-5ef9a30251f1,largest.irish,available,17.2,17.2,medium,low,7,cloudflare,,,27/09/2026 21:38
c740cca2-0eae-48e2-a246-175845e557d2,swaying.irish,available,7.49,22.49,medium,low,7,namesilo,,,02/10/2026 12:08
475a724d-3069-415c-9b19-56f7c026e43c,domesday.irish,available,7.49,22.49,medium,low,8,namesilo,,,29/09/2026 09:11
1aa47ecb-5c9d-489b-b2e0-9480e1d134f5,germicidal.irish,available,5.98,31.98,medium,low,10,namecheap,,,08/08/2026 07:07
c67cd471-ceb4-448c-ac15-3c6690e97536,argues.irish,available,7.49,22.49,medium,low,6,namesilo,,,02/10/2026 13:47
fc79205e-0dfb-49bb-9d3c-9891de807185,gratitude.irish,available,7,,high,low,9,unstoppable,,,29/09/2026 21:31
51e276c3-7e40-4052-b765-c67affe9137b,empowered.irish,available,5.98,31.98,high,low,9,namecheap,,,16/08/2026 18:26
2d9e0da8-4181-4149-8af7-ba64ec5d04cc,arya.irish,available,7.49,22.49,high,low,4,namesilo,,,01/10/2026 11:19
f6955344-e1ef-4073-86f5-57913fd58a10,barycenter.irish,available,5.98,31.98,medium,low,10,namecheap,,,22/09/2026 09:39
54c2165b-c73e-48e1-b9b6-7add088f83c4,storylines.irish,available,9.99,37.99,medium,low,10,godaddy,,,01/10/2026 00:32
3ab9e7e7-65ba-4d90-bd47-0949d6a95ac5,stalwart.irish,available,5.98,31.98,high,low,8,namecheap,,,21/08/2026 00:53
b4dce2bd-93b1-4e68-b706-3bf496d0ff77,unaddicted.irish,available,5.98,31.98,medium,low,10,namecheap,,,11/09/2026 23:50
538a2ce7-3b2d-4bd1-bde9-c044bda21788,arrived.irish,available,7.49,22.49,medium,low,7,namesilo,,,17/09/2026 14:03
dc2b9dc8-b9df-40c3-a35f-87468f52af9c,cast.irish,available,5.38,17.8,high,low,4,spaceship,,,27/09/2026 20:35
9a79b896-0a36-4dbd-b096-116676c58f07,gwynedd.irish,available,7,,medium,low,7,unstoppable,,,02/10/2026 00:00
8c62c840-3106-452a-8bd0-b3db3eb7278c,ppi.irish,available,5.38,17.8,high,low,3,spaceship,,,01/10/2026 05:12
60fba49b-1633-4f7a-99ed-94147f195ea6,maturate.irish,available,5.98,31.98,medium,low,8,namecheap,,,24/08/2026 17:31
50ff5cc4-c5e8-4047-9852-3efd60e9118f,trinidad.irish,available,5.57,18.41,high,low,8,dynadot,,,01/10/2026 22:00
da73730f-b8e0-40d7-9162-05e655853a98,conservation.irish,available,5.57,18.41,high,low,12,dynadot,,,29/09/2026 23:26
dfad9cf6-a53e-4dd4-9476-30bcd7a4f3ba,ribbon.irish,available,7.49,22.49,high,low,6,namesilo,,,30/09/2026 02:15
b71fd05c-7aca-4cb2-9071-e1d3d092b238,jeans.irish,available,5.38,17.8,medium,low,5,spaceship,,,28/09/2026 12:09
6df5f86d-577b-4356-a57c-5ed83c7a56a5,germy.irish,available,5.98,31.98,medium,low,5,namecheap,,,18/08/2026 22:53
7ce7ead0-d5bf-452e-bbbe-04864f0471d7,monumental.irish,available,7.49,22.49,high,low,10,namesilo,,,25/09/2026 17:13
1a64cb9f-b6ea-4b77-8294-173fb07f6364,crouch.irish,available,5.98,31.98,medium,low,6,namecheap,,,10/09/2026 17:37
5d4a95be-55cf-43b5-b110-92bc330e0e36,offended.irish,available,5.98,31.98,medium,low,8,namecheap,,,04/09/2026 01:24
faf9e629-5cab-4f29-a8bd-367ccdbce58f,bunch.irish,available,5.38,17.8,high,low,5,spaceship,,,29/09/2026 05:23
60e1f626-2174-4262-9b5c-0bb2240c37a0,sufism.irish,available,7.49,22.49,high,low,6,namesilo,,,01/10/2026 21:54
42fca39b-8d8d-4d16-96df-7afb09415808,boris.irish,available,5.98,31.98,high,low,5,namecheap,,,25/09/2026 20:39
dba44bb1-d630-44c3-b056-fa6d162d196b,macfarlane.irish,available,7.49,22.49,high,low,10,namesilo,,,01/10/2026 07:10
ae9f2b51-0b6c-47c9-aad8-050597bc75b0,undaunted.irish,available,5.98,31.98,high,low,9,namecheap,,,12/09/2026 07:00
7d8d6efb-b3db-4977-ac12-18cc55997a81,deploy.irish,available,5.38,17.8,high,medium,6,spaceship,,,28/09/2026 20:50
6235c6b0-ed42-49b1-908e-91e8d55656f0,wilmot.irish,available,7.49,22.49,medium,low,6,namesilo,,,29/09/2026 16:33
a672e943-10ac-4145-879b-430229ae1a00,automat.irish,available,7.49,22.49,high,low,7,namesilo,,,21/09/2026 06:52
235d9b5c-cb57-41b9-85d9-3d076df08720,hominid.irish,available,5.98,31.98,medium,low,7,namecheap,,,21/08/2026 12:39
1d62f844-6cc6-44ff-9efb-0b66fc079e3c,adder.irish,available,7.49,22.49,medium,low,5,namesilo,,,17/09/2026 06:46
a9e447d8-cfcd-49f3-8c4d-d54428bb3769,shears.irish,available,7.49,22.49,high,low,6,namesilo,,,30/09/2026 11:05
32fad137-f400-4533-bb86-0a5b2d68dff2,behaved.irish,available,5.57,18.41,high,low,7,dynadot,,,30/09/2026 05:57
609a687e-e3c1-43f6-bba2-12b4fef59445,declaring.irish,available,5.38,17.8,high,low,9,spaceship,,,30/09/2026 07:00
52bf2e82-459c-4cf8-a24c-dcbd286333cc,gari.irish,available,5.98,31.98,high,low,4,namecheap,,,23/09/2026 22:55
e916ee1f-45a0-4d83-ac63-77980eb4f4b9,waive.irish,available,5.98,31.98,high,low,5,namecheap,,,18/08/2026 11:49
eba4c7ec-7378-4026-a8bb-562c671cb68d,foliose.irish,available,5.98,31.98,medium,low,7,namecheap,,,18/08/2026 10:11
bba5cc88-fa60-4840-9a7a-8e77ba7de918,fundamentally.irish,available,5.57,18.41,medium,low,13,dynadot,,,29/09/2026 20:57
c9a8c78a-7861-4f1b-8fe1-87a821d1c10c,bicycle.irish,available,7.49,22.49,high,low,7,namesilo,,,27/09/2026 03:10
e5039c30-0c98-47dd-844b-6ec7be1211ba,yielding.irish,available,5.98,31.98,high,low,8,namecheap,,,13/09/2026 14:36
2a28bd2c-e158-435c-a6c7-edd2511aa093,toxins.irish,available,7.49,22.49,low,low,6,namesilo,,,30/09/2026 22:52
6498b25a-7131-4ab1-b7eb-5d610c99140c,temporary.irish,available,7.49,22.49,high,low,9,namesilo,,,25/09/2026 07:53
7ab1b457-a269-4e33-a20b-d6a46c206a77,emile.irish,available,7.49,22.49,medium,low,5,namesilo,,,27/09/2026 13:23
a59f34dd-0041-4f7c-824d-792c4e4f9330,prototype.irish,available,7.49,22.49,high,low,9,namesilo,,,28/09/2026 14:03
260172c5-68bc-4a9a-a8bb-e3a24ed1cebb,alkene.irish,available,7.49,22.49,medium,low,6,namesilo,,,18/09/2026 08:28
db26501a-73b8-4108-8cd6-d35de57615c6,branchless.irish,available,5.98,31.98,medium,low,10,namecheap,,,11/08/2026 02:21
cc9b22c6-b505-4c83-a652-020ea053b6ad,harmonize.irish,available,7.49,22.49,high,low,9,namesilo,,,16/09/2026 22:54
6cb3c1fc-8362-4807-89fc-adaf448457cd,aqualung.irish,available,5.98,31.98,medium,low,8,namecheap,,,19/09/2026 22:54
d3afa7ba-7a88-48bb-b0f2-91997acda83d,subocean.irish,available,5.98,31.98,low,low,8,namecheap,,,11/09/2026 00:32
7b1e8fe2-cd9a-462b-8b93-778d8e313b11,tumbleweed.irish,available,7.49,22.49,high,low,10,namesilo,,,18/09/2026 15:52
fb98aa95-6e64-489d-9f1f-bd2cf273891b,nda.irish,available,7.49,22.49,high,low,3,namesilo,,,01/10/2026 23:16
93bfc69b-8b22-4aa9-aad1-85f4d04166e8,ive.irish,available,17.2,17.2,medium,low,3,cloudflare,,,02/10/2026 04:17
d3e41133-b9fd-4bfb-95f0-5e21422a0408,front.irish,available,7.49,22.49,high,low,5,namesilo,,,24/09/2026 21:48
1e6eacce-5a8f-4e72-9fe9-206dce2c2058,mere.irish,available,5.98,31.98,high,low,4,namecheap,,,25/09/2026 19:33
86167a88-af72-4312-a859-33e01c0a88f6,northampton.irish,available,7.49,22.49,high,low,11,namesilo,,,25/09/2026 14:57
ba62de31-dd98-420e-b680-b77a295dcbb8,postage.irish,available,7,,high,low,7,unstoppable,,,29/09/2026 20:01
4ebe9006-c848-4dfa-aa87-3ca306d674e3,barbecue.irish,available,7,,high,low,8,unstoppable,,,29/09/2026 01:06
c4706039-9df9-48e3-9853-2bc7e5e56733,mellon.irish,available,7.49,22.49,high,low,6,namesilo,,,19/09/2026 04:48
9c7444e2-831b-42b8-8244-f5b4906fd241,assume.irish,available,7.49,22.49,high,low,6,namesilo,,,27/09/2026 08:58
cdd71091-fe50-49ab-813a-bbe615dd7085,lucile.irish,available,5.38,17.8,high,low,6,spaceship,,,02/10/2026 19:50
9590f96a-05ff-4673-ad9b-bc21b5c7470a,brookside.irish,available,5.38,17.8,high,low,9,spaceship,,,02/10/2026 18:33
3169cf3c-e9eb-4e7b-b063-339310857d36,visitors.irish,available,5.98,31.98,high,low,8,namecheap,,,18/09/2026 16:57
08a5393a-08f8-4350-bba6-078b0d7c76a5,conservatory.irish,available,5.98,31.98,high,low,12,namecheap,,,29/09/2026 03:18
537c2a58-3e18-4abd-baa4-aa7385a8cc9a,upscale.irish,available,5.98,31.98,high,low,7,namecheap,,,12/09/2026 23:19
aed459c3-5857-49fc-ae42-413fbc05940d,nikki.irish,available,5.38,17.8,high,low,5,spaceship,,,28/09/2026 07:47
c7463ea4-c777-4863-8002-a959d07f5c74,modernist.irish,available,7.49,22.49,high,low,9,namesilo,,,27/09/2026 04:47
24480479-ab4d-4fd6-822f-0f47c6e7d333,tub.irish,available,7.49,22.49,high,low,3,namesilo,,,29/09/2026 01:33
a4d15a9a-192d-43a7-b269-89a2d8e19e5e,rally.irish,available,5.98,31.98,high,medium,5,namecheap,,,21/09/2026 19:55
3a7b661f-d378-49a3-b8f5-8cbf73413362,clarifying.irish,available,5.98,31.98,high,low,10,namecheap,,,12/08/2026 09:37
8391bb17-08bf-4a8f-9820-1f2ac6a8e49d,slip.irish,available,7.49,22.49,high,low,4,namesilo,,,27/09/2026 22:41
0d00af7c-b004-4e0d-a2d1-f15b1170129e,gingery.irish,available,5.98,31.98,high,low,7,namecheap,,,18/08/2026 23:53
b2398129-2588-4f13-af9f-9cb0c7a60cc1,lissom.irish,available,5.98,31.98,medium,low,6,namecheap,,,23/08/2026 23:41
4172af2b-5f57-435e-8b83-fbc0753b938b,experient.irish,available,5.98,31.98,medium,low,9,namecheap,,,17/08/2026 18:12
1484dd3e-65f3-46d0-b5e3-43ad61ab19d8,cavernous.irish,available,5.98,31.98,medium,low,9,namecheap,,,11/08/2026 22:51
20ec9eac-d10c-423c-9a8e-a69dff962c90,votive.irish,available,5.98,31.98,high,low,6,namecheap,,,13/09/2026 07:17
e87af3a1-5f56-4cf4-8009-a61f9dc1322e,unpleasant.irish,available,5.98,31.98,medium,low,10,namecheap,,,12/09/2026 16:58
9334f70a-70e9-417c-aec6-9cdf25a8de60,starving.irish,available,5.98,31.98,medium,low,8,namecheap,,,10/09/2026 19:04
308786d4-3881-4574-9413-d2335ebf0735,ammon.irish,available,17.2,17.2,medium,low,5,cloudflare,,,02/10/2026 08:53
beabeaef-f829-4dcc-88f8-e84db8c13a29,winifred.irish,available,7,,medium,low,8,unstoppable,,,28/09/2026 21:52
f3be589d-bf56-4834-b1fd-6a285ef5e94f,attainable.irish,available,7.49,22.49,high,low,10,namesilo,,,19/09/2026 04:15
2d0bfb13-f276-4a54-9146-975732673252,liver.irish,available,5.98,31.98,high,low,5,namecheap,,,24/08/2026 08:02
106f39f7-39e0-435e-8481-637a504ea237,recount.irish,available,5.38,17.8,high,low,7,spaceship,,,30/09/2026 18:26
d1fa6e01-16a6-4859-8d41-95c167ac4f82,hoffmann.irish,available,7.49,22.49,high,low,8,namesilo,,,21/09/2026 03:52
aa04f299-c20f-4f43-b044-244594491ea2,baylor.irish,available,5.98,31.98,medium,low,6,namecheap,,,27/09/2026 01:57
a62bdf2b-69ba-4926-ba96-ea49a01efa64,exclusively.irish,available,7,,medium,low,11,unstoppable,,,01/10/2026 06:44
4d74f300-9c5b-4124-86d1-a9d8ee028d35,ambulant.irish,available,5.98,31.98,medium,low,8,namecheap,,,
44756d8f-349b-43cf-b060-941cb1eea9eb,vespucci.irish,available,9.99,27.99,high,low,8,name.com,,,18/09/2026 21:04
84f18f1d-3db3-439a-82f8-e9d3ee5603c0,cures.irish,available,7,,medium,low,5,unstoppable,,,02/10/2026 03:22
59077d54-4973-47aa-9e2f-cf2f0c31f8f5,amtrak.irish,available,17.2,17.2,medium,low,6,cloudflare,,,01/10/2026 06:54
414a8ee3-ee8a-4f13-b861-8212f6026ec0,dmz.irish,available,7,,high,low,3,unstoppable,,,03/10/2026 00:28
814c9efc-73b2-427a-8cac-eaf76f1e1547,commodity.irish,available,7.49,22.49,high,low,9,namesilo,,,29/09/2026 10:26
2c63ea8f-de0c-4ba0-a796-e2f2cc46b682,supermodel.irish,available,5.38,17.8,high,low,10,spaceship,,,30/09/2026 12:30
9880766a-ec78-40c8-b62e-bb1c23fcd51d,mod.irish,available,5.98,31.98,high,low,3,namecheap,,,25/08/2026 02:27
5b1cacdb-3ba4-4584-ab97-0276a965bcea,storehouse.irish,available,17.2,17.2,high,low,10,cloudflare,,,03/10/2026 02:31
4e5ecbe5-064c-4b59-80c5-225516cc2488,bilges.irish,available,7.49,22.49,medium,low,6,namesilo,,,23/09/2026 15:54
0dcd79ae-f8ad-4da4-87c3-96c96625e083,arthropoda.irish,available,7.49,22.49,high,low,10,namesilo,,,20/09/2026 10:41
1f3d3d0f-3c3b-4530-a8f2-f4d3e971b7ac,retiring.irish,available,5.38,17.8,high,low,8,spaceship,,,27/09/2026 13:20
5a512879-825a-4cd6-988d-1f9a52beef24,marathon.irish,available,7.49,22.49,high,low,8,namesilo,,,22/09/2026 15:29
cf95483a-4b7e-414f-9d3f-7a2c9722c6de,primacy.irish,available,7.49,22.49,high,low,7,namesilo,,,01/10/2026 03:21
4c377861-28b0-44a9-b898-e323cc197c16,logic.irish,available,5.38,17.8,high,medium,5,spaceship,,,01/10/2026 02:39
27389319-9fa0-4335-80c7-825796d63fea,odour.irish,available,5.98,31.98,high,low,5,namecheap,,,20/09/2026 08:26
8f0b1c6f-a266-4ed3-90f4-9c001124e2bf,leonora.irish,available,5.38,17.8,medium,low,7,spaceship,,,30/09/2026 13:31
0412b046-001c-4dda-99ce-f8804860d28c,pow.irish,available,17.2,17.2,high,low,3,cloudflare,,,29/09/2026 01:52
6cfa9c2c-df7d-4511-8b0d-9f76b61ebcf2,surfaces.irish,available,9.99,,medium,low,8,name.com,,,
e1f54371-f4f5-40d2-99ac-4594bc70e93f,bushwhack.irish,available,7.49,22.49,medium,low,9,namesilo,,,18/09/2026 17:32
a05bf9a4-893f-4254-ad26-df54269916ac,nub.irish,available,5.98,31.98,high,low,3,namecheap,,,14/09/2026 23:53
301ee58a-d911-4011-bf74-ca9134038a27,uuq.irish,available,7.49,22.49,medium,low,3,namesilo,,,20/09/2026 22:18
1e216739-d47a-4ca4-9858-981e2ade6fa5,nyse.irish,available,7,,high,low,4,unstoppable,,,29/09/2026 02:35
d2021a26-6308-4fe7-8c36-5487978e38a7,swanson.irish,available,5.57,18.41,high,low,7,dynadot,,,28/09/2026 02:01
6a9a6e4a-2ae2-4d4a-b1ea-7ff466bdb965,equanimity.irish,available,5.98,31.98,high,low,10,namecheap,,,11/08/2026 14:58
ba424453-0d14-4270-b9d8-f24930a22ad5,edmunds.irish,available,17.2,17.2,medium,low,7,cloudflare,,,28/09/2026 16:36
a31c3d4e-4572-484a-bd95-fe1098371c60,edgeways.irish,available,5.98,31.98,medium,low,8,namecheap,,,14/09/2026 15:04
1ea31d37-607c-4ccb-a404-29cf86559262,frida.irish,available,17.2,17.2,high,low,5,cloudflare,,,02/10/2026 08:57
41035a8c-d9b3-4a9a-bb83-9fe2c7285b59,akimbo.irish,available,5.98,31.98,high,low,6,namecheap,,,
57054b2d-5d1a-45c6-a6b7-be5ac1418982,sql.irish,available,7,,high,low,3,unstoppable,,,28/09/2026 04:28
52dd0a9c-6ee0-42fe-8178-a8220dcd957d,shovels.irish,available,7.49,22.49,medium,low,7,namesilo,,,20/09/2026 10:22
64998ba8-e7ec-4a43-9f6d-98aaab1bf9e5,plier.irish,available,5.66,18.02,medium,low,5,porkbun,,,30/09/2026 07:03
620305da-f581-440d-824f-c9f46de4c510,bumbling.irish,available,5.98,31.98,medium,low,8,namecheap,,,11/08/2026 09:34
3210eeb0-ca4d-48be-bc0a-308714507812,rapporteur.irish,available,7,,high,low,10,unstoppable,,,29/09/2026 20:07
02c507cc-643e-4e09-83b1-f0df9e61b629,narcotics.irish,available,7,,medium,low,9,unstoppable,,,28/09/2026 22:46
cafd661d-9879-45a8-ae2c-3fe94ab51c3d,pleb.irish,available,5.98,31.98,medium,low,4,namecheap,,,08/09/2026 21:04
edfd4b9c-5b5c-4374-afaf-781958b04ad1,walpole.irish,available,5.57,18.41,high,low,7,dynadot,,,28/09/2026 01:54
e490bed2-1a91-4a04-b69c-7bac08be1a6f,bhopal.irish,available,7.49,22.49,high,low,6,namesilo,,,30/09/2026 20:45
3b5c3d2d-b923-4a8e-8986-eedcc2fa46e9,deceive.irish,available,5.98,31.98,high,low,7,namecheap,,,29/09/2026 20:40
21adc5ea-afb7-4f4d-957d-c66b432c3236,widen.irish,available,5.38,17.8,high,low,5,spaceship,,,30/09/2026 19:38
254f6787-cb3a-47e7-a3d3-ae20e4dcb59c,aspire.irish,available,5.38,17.8,high,low,6,spaceship,,,01/10/2026 04:08
159caf52-da7a-4f08-994a-4b1aed41a1fe,summons.irish,available,5.38,17.8,high,low,7,spaceship,,,29/09/2026 08:10
b7fa4a50-1500-4dee-bff7-16f28e3729d7,minority.irish,available,7.49,22.49,high,low,8,namesilo,,,28/09/2026 14:53
3f09d25f-9fd0-4e8b-8b67-748b1703aacf,impede.irish,available,5.98,31.98,medium,low,6,namecheap,,,21/08/2026 09:28
05c9f749-ce59-42d2-a5b7-68df85c1decb,taxed.irish,available,17.2,17.2,medium,low,5,cloudflare,,,02/10/2026 18:15
91e0fe87-9047-4294-876d-f4d64e661cb2,tarragon.irish,available,5.98,31.98,high,low,8,namecheap,,,20/09/2026 10:17
1b648c88-2603-40e1-81ce-9d6de9b83218,canasta.irish,available,7.49,22.49,medium,low,7,namesilo,,,22/09/2026 11:16
ce477cbb-5991-405d-b91b-c857cbc37e23,apply.irish,available,5.98,31.98,high,low,5,namecheap,,,28/09/2026 06:21
1e101092-8600-424f-a7db-be0c195f2ef7,viability.irish,available,5.38,17.8,high,low,9,spaceship,,,02/10/2026 17:04
1eb78205-2782-44df-b519-9f3bc496c73d,confiscated.irish,available,17.2,17.2,low,low,11,cloudflare,,,29/09/2026 11:03
56557dca-501a-4266-9155-b54d531c3522,rectifier.irish,available,5.38,17.8,high,low,9,spaceship,,,03/10/2026 01:53
484a20f3-df3b-491c-86a2-7df4b284c2c9,peregrine.irish,available,5.98,31.98,medium,low,9,namecheap,,,25/08/2026 02:20
dff7f832-0787-470e-b845-e66f16198190,fictional.irish,available,5.98,31.98,high,low,9,namecheap,,,17/08/2026 20:18
f7eaa913-2719-4448-90f9-5b2b57805839,septuple.irish,available,5.98,31.98,medium,low,8,namecheap,,,10/09/2026 04:23
9c58e4f6-039c-4368-976a-4d6f42a111ff,inorganic.irish,available,5.98,31.98,high,low,9,namecheap,,,22/08/2026 06:11
bc224de1-7bd9-47e2-bd27-e58e65cdb530,placement.irish,available,5.98,31.98,high,low,9,namecheap,,,09/09/2026 00:08
dd415ac8-fe19-4354-97e1-92bb599bc9b5,pomerania.irish,available,5.38,17.8,high,low,9,spaceship,,,29/09/2026 09:31
379fba9d-a34a-406f-ba83-2ade6b9c3ac9,booked.irish,available,5.98,31.98,high,low,6,namecheap,,,10/08/2026 19:05
a257cd11-4550-427f-9919-1980cf39e7f8,attestor.irish,available,7.49,22.49,medium,low,8,namesilo,,,21/09/2026 01:38
10da16fc-60de-41b6-80a2-8b3ca598f192,yid.irish,available,7.49,22.49,high,low,3,namesilo,,,19/09/2026 16:18
e7ffe5e7-6085-40a6-910f-c766a52de587,onshore.irish,available,5.98,31.98,high,low,7,namecheap,,,22/08/2026 06:55
c75bd991-86e3-4727-ba82-feda4e690ea4,roller.irish,available,5.38,17.8,high,low,6,spaceship,,,29/09/2026 13:05
357182b5-ce6c-4a3e-a464-e10d6166c1ad,screaming.irish,available,5.98,31.98,high,low,9,namecheap,,,09/09/2026 23:52
66a9155e-bfa8-44aa-9928-7c58cc0a25f2,connective.irish,available,5.98,31.98,high,low,10,namecheap,,,12/08/2026 22:16
8ea8b783-1942-4f8e-84fb-7546819ff8c2,woodenly.irish,available,5.98,31.98,low,low,8,namecheap,,,14/09/2026 21:56
e7b62cd4-2398-4f2d-9c90-76606ecaaada,lore.irish,available,5.66,18.02,high,medium,4,porkbun,,,02/10/2026 16:02
b1e8a0f0-4884-43e1-ae4f-2ef328a84d5e,charged.irish,available,5.98,31.98,high,low,7,namecheap,,,25/09/2026 09:04
2b5d8251-d364-4404-ba27-70504287afd5,calculus.irish,available,7.49,22.49,high,low,8,namesilo,,,30/09/2026 00:56
8e563c50-d51a-4f60-a34f-ed2315138686,greensboro.irish,available,5.98,31.98,high,low,10,namecheap,,,27/09/2026 04:17
570eceeb-634a-4c65-85a9-663df2f2e4a7,spit.irish,available,5.98,31.98,medium,low,4,namecheap,,,15/09/2026 20:17
aac84173-cfce-4276-ae43-3015d5a6361d,pushed.irish,available,5.98,31.98,medium,low,6,namecheap,,,25/09/2026 18:24
3ba79ac1-ba1c-4f43-b73a-afa0271c2c0e,naught.irish,available,5.98,31.98,medium,low,6,namecheap,,,03/09/2026 22:40
9dfb8af6-1cce-47dc-81a2-741c260e518f,ici.irish,available,5.57,18.41,high,low,3,dynadot,,,30/09/2026 05:17
7cc9d363-c82d-44e4-8f0a-ee241e7c534e,ellesmere.irish,available,7.49,22.49,high,low,9,namesilo,,,02/10/2026 10:52
c13ee8d1-fd8b-4c98-9351-5885d056fd9b,indiscreet.irish,available,5.98,31.98,medium,low,10,namecheap,,,22/08/2026 03:07
74432e80-fefe-44e0-bf8e-3865ec513ab1,motel.irish,available,7.49,22.49,high,low,5,namesilo,,,25/09/2026 09:27
63e30962-f6c7-42e7-8e0a-421699e6f43c,unceasing.irish,available,5.98,31.98,medium,low,9,namecheap,,,
b2ccc172-5c91-4b17-8bee-b1c6c0f7539c,tegular.irish,available,5.98,31.98,medium,low,7,namecheap,,,11/09/2026 10:16
bceea0eb-41a3-433b-8d00-7ada0fe71f47,pump.irish,available,5.98,31.98,high,medium,4,namecheap,,,25/09/2026 10:10
2b59821e-6118-4558-83e1-b1245512b8a7,mutilated.irish,available,5.98,31.98,medium,low,9,namecheap,,,24/08/2026 13:22
d82eee1f-dca5-4673-b29a-31dfd9b7b54a,splashed.irish,available,9.99,27.99,high,low,8,name.com,,,13/08/2026 15:18
4f9d6e87-898d-4959-b04d-9be6fa1936bc,underway.irish,available,5.98,31.98,high,low,8,namecheap,,,12/09/2026 07:42
696e3232-bc9c-4014-a15c-d7051f161e5a,elfish.irish,available,5.98,31.98,medium,low,6,namecheap,,,16/08/2026 03:41
8d536df3-7d57-45bf-a3c2-60393d5ad06b,dampness.irish,available,9.99,27.99,medium,low,8,name.com,,,13/08/2026 16:45
c123a644-b3c2-492a-a84b-5f67aeb408d0,liquidate.irish,available,5.38,17.8,high,low,9,spaceship,,,03/10/2026 02:30
e91779bd-02d5-443c-b0de-c3d8f737b40f,mucky.irish,available,5.98,31.98,medium,low,5,namecheap,,,10/08/2026 17:06
7fee9537-fb94-41bb-b06b-1e2c98868767,chooses.irish,available,5.98,31.98,low,low,7,namecheap,,,28/09/2026 18:06
fa40efb9-ec14-4e54-b7ce-125e93471819,trivial.irish,available,5.98,31.98,high,low,7,namecheap,,,24/09/2026 17:54
71b0c626-f427-4f94-bfe1-db865d876e6b,permeable.irish,available,5.98,31.98,medium,low,9,namecheap,,,08/09/2026 17:36
851ac89b-0bae-461a-ba86-b988ec2cc1c5,mbe.irish,available,7.49,22.49,high,low,3,namesilo,,,28/09/2026 22:27
a818e732-dcc5-47ce-b25a-0c036cfd894c,mun.irish,available,5.38,17.8,high,low,3,spaceship,,,03/10/2026 02:53
d0eb0f4b-512d-4503-a711-1fe442cb4f03,queasy.irish,available,5.98,31.98,medium,low,6,namecheap,,,24/08/2026 08:26
24950462-2bc4-4a94-a644-8ae6bca53b9d,castles.irish,available,5.57,18.41,medium,low,7,dynadot,,,30/09/2026 15:30
7e5e03aa-5c61-49ae-bc2c-5c9da9e43cad,crews.irish,available,5.38,17.8,medium,low,5,spaceship,,,28/09/2026 16:47
902f39f9-3a3b-417b-abc3-752dd13cc300,toned.irish,available,5.98,31.98,medium,low,5,namecheap,,,11/09/2026 17:02
58367362-3763-452d-9ef4-45fefe9e7474,butterball.irish,available,5.98,31.98,medium,low,10,namecheap,,,17/08/2026 23:59
b334c3a0-a70e-4b50-8a1a-268c76b76d74,hysteric.irish,available,5.98,31.98,medium,low,8,namecheap,,,21/08/2026 17:20
7c8e27cd-c1d2-4849-a39e-9d18d6eeb0a1,propranolol.irish,available,7.49,22.49,high,low,11,namesilo,,,20/09/2026 00:29
e4558f1e-2c5a-46c8-9242-03131e3b4578,spatter.irish,available,5.98,31.98,medium,low,7,namecheap,,,15/09/2026 20:19
18c927b0-ba72-4d2b-8a8a-599981f65126,lodging.irish,premium,207.2,207.2,high,low,7,spaceship,,,30/09/2026 01:55
1bef7c44-9428-4040-a0fd-79c2d70560a4,stunned.irish,available,7.49,22.49,high,low,7,namesilo,,,22/09/2026 03:44
d4b25eaf-3961-4a76-891a-00e8a6b78026,redly.irish,available,5.98,31.98,medium,low,5,namecheap,,,15/09/2026 22:51
f3938341-b1ce-4bdb-ac97-69c5dbb9d9a0,handled.irish,available,5.98,31.98,high,low,7,namecheap,,,20/08/2026 23:28
fe0b1398-cc85-4235-aeca-2a9555abee7b,sapodilla.irish,available,7.49,22.49,medium,low,9,namesilo,,,17/09/2026 00:57
e584ca08-a189-4de0-8f56-ca50db20dcb7,lasting.irish,available,5.98,31.98,high,low,7,namecheap,,,24/09/2026 12:31
8b449f29-6b98-4e72-8e48-775d06067d3b,amplifier.irish,available,7.49,22.49,high,low,9,namesilo,,,18/09/2026 23:40
91abd9ae-c01b-4524-890e-b1396cdd5c73,glittery.irish,available,5.98,31.98,high,low,8,namecheap,,,
6f1e37e5-3225-480b-a728-f17913a27fbd,developing.irish,available,7.49,22.49,high,low,10,namesilo,,,24/09/2026 07:59
36cc0a56-3e6c-4881-9073-f26981abddf2,accepts.irish,available,7.49,22.49,medium,low,7,namesilo,,,29/09/2026 11:07
bb429d2a-be83-49be-9069-885fce07e82d,blantyre.irish,available,7.49,22.49,high,low,8,namesilo,,,24/09/2026 04:05
9fd9ddc7-6d85-4fdd-b825-f2b103276cb9,ski.irish,available,7.49,22.49,high,low,3,namesilo,,,27/09/2026 05:28
69acc2e4-1257-4aa3-8df1-07b149ec4b50,tempt.irish,available,7.49,22.49,high,low,5,namesilo,,,18/09/2026 12:14
c8bf6791-9f5a-4e97-9910-a94fa329a9e2,hereby.irish,available,5.98,31.98,medium,low,6,namecheap,,,15/09/2026 00:25
e53696ec-1741-448b-9640-d1c5002356c5,monica.irish,available,7.49,22.49,high,low,6,namesilo,,,25/09/2026 13:55
780209e8-26a3-48e1-8ee1-7b9276b8d18b,mamluk.irish,available,5.66,18.02,medium,low,6,porkbun,,,01/10/2026 06:56
ed373367-c057-4fc0-a854-c9407bfb25d5,crepuscle.irish,available,5.98,31.98,medium,low,9,namecheap,,,11/09/2026 21:50
a73887b8-652d-4329-ba65-bb86110ef226,colonists.irish,available,7,,medium,low,9,unstoppable,,,01/10/2026 16:49
45683ce8-5ab4-4cf2-820c-9cfedd4de936,philistine.irish,available,5.98,31.98,medium,low,10,namecheap,,,
5121305a-3060-4923-b663-8e908462fdb9,faint.irish,available,5.98,31.98,high,low,5,namecheap,,,17/08/2026 21:01
f4769920-2d36-454e-b63a-e6bae53a95f5,pool.irish,available,5.38,17.8,high,medium,4,spaceship,,,29/09/2026 11:12
b4515f13-11b6-4536-bbc5-1dc59471f0bc,named.irish,available,5.38,17.8,high,low,5,spaceship,,,02/10/2026 21:25
7c8d7d9c-6d2a-4e9a-b671-32acd8e7921e,earthbound.irish,available,5.98,31.98,high,low,10,namecheap,,,14/08/2026 22:37
b1d1511d-0a31-4536-9a22-41137d46433e,industrious.irish,available,7.49,22.49,high,low,11,namesilo,,,03/10/2026 02:40
3193b935-7fae-40eb-b16e-f13eb959b66f,jutting.irish,available,5.98,31.98,medium,low,7,namecheap,,,22/08/2026 14:44
5454104e-635a-4a3c-bcf1-755170081919,neumann.irish,available,7.49,22.49,high,low,7,namesilo,,,25/09/2026 23:19
f364dcfa-bd74-4192-b61d-cb56001657bd,resolutions.irish,available,5.38,17.8,medium,low,11,spaceship,,,02/10/2026 13:03
73880c78-eb48-45d3-8519-1c1f7c6c0fae,crumb.irish,available,5.98,31.98,medium,low,5,namecheap,,,11/08/2026 09:20
e1b74328-850b-40bf-b165-0cafc29ea1be,scheduling.irish,available,5.57,18.41,high,low,10,dynadot,,,29/09/2026 02:34
c502ef69-d028-4f72-9e47-0d55164f6e72,dissent.irish,available,17.2,17.2,high,low,7,cloudflare,,,29/09/2026 16:15
44246aa2-9444-47f9-84d2-c09a062061e3,coverage.irish,available,7.49,22.49,high,low,8,namesilo,,,29/09/2026 11:52
edef89c2-7cfc-4e50-94b2-17c3feece98b,ageratum.irish,available,7.49,22.49,medium,low,8,namesilo,,,17/09/2026 17:22
312f07e0-4010-4554-9cd3-85b60056ac26,fretted.irish,available,5.98,31.98,medium,low,7,namecheap,,,18/08/2026 15:24
a0d01ec0-ae40-48fa-964e-6c3078de55d1,unusual.irish,available,5.38,17.8,high,low,7,spaceship,,,28/09/2026 01:29
10ff43e3-12d5-4cd1-88b4-f2f041c1ab9e,wehrmacht.irish,available,7.49,22.49,medium,low,9,namesilo,,,28/09/2026 16:22
6b0a972d-a4c1-4393-ab28-787e96942d66,pick.irish,available,7.49,22.49,high,low,4,namesilo,,,23/09/2026 14:24
89e99b1d-e0a2-4354-95fa-a06e3740c7d2,promiscuous.irish,available,5.57,18.41,medium,low,11,dynadot,,,01/10/2026 22:33
ebcc1789-9cf1-4621-be12-818c3f46c4c9,jenks.irish,available,5.66,18.02,medium,low,5,porkbun,,,30/09/2026 13:40
e83341e2-cab9-4b0a-a7b0-d17746ff5398,londonderry.irish,available,7.49,22.49,high,low,11,namesilo,,,29/09/2026 09:47
608a0b78-60b5-4b8b-b058-5d963e42c03d,olaf.irish,available,17.2,17.2,medium,low,4,cloudflare,,,28/09/2026 07:48
7197e780-a84e-4093-8279-3868027a30cc,gauntlet.irish,available,5.57,18.41,high,low,8,dynadot,,,02/10/2026 15:26
7f337c07-439b-4a7b-8c8d-d4a8df3285ea,charnel.irish,available,5.98,31.98,medium,low,7,namecheap,,,12/08/2026 02:37
eb00d21d-0119-467c-8bb7-df8f527f890c,attacked.irish,available,5.98,31.98,medium,low,8,namecheap,,,25/09/2026 20:43
20d14516-ee80-48cd-a716-10f57557b7ea,dripping.irish,available,5.98,31.98,medium,low,8,namecheap,,,14/09/2026 14:32
ff63a86c-3737-43ba-855e-160dccea7fff,amoy.irish,available,7.49,22.49,medium,low,4,namesilo,,,18/09/2026 23:05
b4e96cf7-47a8-4b81-b629-06a1de9bbf0c,knife.irish,available,7.49,22.49,high,low,5,namesilo,,,25/09/2026 23:24
18ece5d7-e219-4b6f-aaf8-8a4cc2df8e75,portholes.irish,available,7.49,22.49,low,low,9,namesilo,,,19/09/2026 21:54
bdd132c5-4f44-4df5-88c5-609891e539ac,dekker.irish,available,5.38,17.8,high,low,6,spaceship,,,29/09/2026 18:35
cd29de91-ccca-4b8f-80ad-0e95961e72d0,serb.irish,available,5.98,31.98,high,low,4,namecheap,,,10/09/2026 04:35
823f448c-a3b2-4375-9404-29dcb655bd2f,background.irish,available,7.49,22.49,high,low,10,namesilo,,,29/09/2026 00:20
9b1bd0ad-9e54-4562-819b-e288dc81f1a1,augean.irish,available,7.49,22.49,medium,low,6,namesilo,,,24/09/2026 08:23
1da0b132-a81f-4d80-88a2-cfa695014ff9,courthouse.irish,available,5.66,18.02,medium,low,10,porkbun,,,28/09/2026 09:28
c7be4040-4299-4fd1-924e-3d9ff4979f6c,baneberry.irish,available,7.49,22.49,medium,low,9,namesilo,,,22/09/2026 01:43
b6942c34-5be8-40cc-aa7c-7dbd18c6b5ed,frothy.irish,available,5.98,31.98,medium,low,6,namecheap,,,11/08/2026 07:22
6a19ab09-7ba8-45bc-b6b5-e77ea3030dc3,injection.irish,available,5.98,31.98,high,low,9,namecheap,,,28/09/2026 06:02
5fc1418d-0eed-4861-826d-e9afde71415d,bosh.irish,available,7.49,22.49,medium,low,4,namesilo,,,21/09/2026 23:47
12729d2e-d621-4c15-ad72-e317696c8c43,ouch.irish,available,5.98,31.98,medium,low,4,namecheap,,,02/10/2026 06:49
608fe0bb-7d62-4fe4-b711-7ff209a55efd,taunting.irish,available,5.98,31.98,medium,low,8,namecheap,,,14/08/2026 02:54
2a7c7f9b-84a3-4fa7-9d02-204487652777,slashed.irish,available,5.98,31.98,medium,low,7,namecheap,,,10/09/2026 10:06
9a0f211f-22ad-4bd9-be37-7e8f3139c1a1,guidebook.irish,available,5.57,18.41,high,low,9,dynadot,,,03/10/2026 01:03
97e8db95-35fd-417c-87cf-ad166767d16b,dealers.irish,available,5.98,31.98,medium,low,7,namecheap,,,28/09/2026 09:08
f37c16ac-7f6b-4961-9518-007e9304071f,thulium.irish,available,7.49,22.49,medium,low,7,namesilo,,,20/09/2026 23:37
7ff249c8-1552-4840-9fa3-0cf2c7ac069e,jerome.irish,available,7.49,22.49,medium,low,6,namesilo,,,25/09/2026 05:46
a83b6722-dbfc-4210-a490-dee69089152c,weep.irish,available,7.49,22.49,high,low,4,namesilo,,,29/09/2026 14:16
29a23a13-8318-4e70-82f7-595072eda213,tampa.irish,available,17.2,17.2,high,low,5,cloudflare,,,29/09/2026 20:28
9881ca43-ff1a-4a1a-b5d4-2bea23cc000b,kurakkan.irish,available,7.49,22.49,medium,low,8,namesilo,,,17/09/2026 15:21
6a399669-5012-48a9-bf35-dade9fa870ee,pitchfork.irish,available,5.98,31.98,high,low,9,namecheap,,,02/10/2026 04:55
3fc5d1a4-b1d2-42b7-a22b-06eb5f57f631,bubble.irish,available,5.38,17.8,high,low,6,spaceship,,,29/09/2026 02:02
d3325d7a-f1b4-4999-ba0b-2e72ae8bf31a,phoney.irish,available,5.98,31.98,medium,low,6,namecheap,,,08/08/2026 23:14
f799be1d-1230-4cfb-b4e4-46ffc9f27216,walk.irish,available,7.49,22.49,high,low,4,namesilo,,,27/09/2026 02:47
3d603ed5-f49b-442a-8526-a100a7bc5235,theater.irish,available,5.38,17.8,high,low,7,spaceship,,,02/10/2026 22:09
2c4dc84a-2c6f-4cb4-be57-2fe4501a482b,moss.irish,available,17.2,17.2,high,medium,4,cloudflare,,,28/09/2026 14:55
a04fae28-e598-4c89-9269-6edfd9811806,climbs.irish,available,7.49,22.49,medium,low,6,namesilo,,,30/09/2026 15:59
66ac10b8-21c5-4a6b-84d4-b80429865e3f,vet.irish,available,5.98,31.98,high,low,3,namecheap,,,13/09/2026 05:01
77b9367b-1d96-4e25-ba6f-fca405a6ed4c,sulphuric.irish,available,5.98,31.98,medium,low,9,namecheap,,,11/09/2026 01:27
5c86dd2f-5429-40ff-a27b-375c6c04e73d,goof.irish,available,7.49,22.49,medium,low,4,namesilo,,,24/09/2026 06:18
6435c6ec-4df4-4206-9a62-a8dd21f1322d,stepmother.irish,available,7.49,22.49,high,low,10,namesilo,,,30/09/2026 11:59
87b91a8f-338b-45c6-8777-c3fa996a1e97,movable.irish,available,5.98,31.98,high,low,7,namecheap,,,25/08/2026 08:56
54639625-88fb-485a-afc8-9d5c7a9881a9,michelle.irish,available,7.49,22.49,high,low,8,namesilo,,,25/09/2026 13:16
6640b4b7-4c1a-4ab8-8d5e-00ce78b35d45,magicians.irish,available,5.98,31.98,medium,low,9,namecheap,,,20/09/2026 20:54
2c25b528-e687-49d1-8f8e-989de5a0ef42,palpebrate.irish,available,5.98,31.98,medium,low,10,namecheap,,,05/09/2026 00:15
c9a548e1-26b4-4df3-bf6d-62fbb6c81a17,rhythmic.irish,available,7.49,22.49,high,low,8,namesilo,,,27/09/2026 14:50
5a209abe-73f5-4e99-b6d5-6a35dff802d5,congress.irish,available,7.49,22.49,high,low,8,namesilo,,,24/09/2026 13:02
585accfa-ad63-42c4-8d8b-a280562f56ac,stimulating.irish,available,17.2,17.2,medium,low,11,cloudflare,,,28/09/2026 21:23
06c2b438-9b11-4277-820b-8d25d68e2028,inga.irish,available,7,,medium,low,4,unstoppable,,,02/10/2026 05:24
b6ed5e11-1f80-444a-9736-01f66c48dae5,arteries.irish,available,5.38,17.8,medium,low,8,spaceship,,,30/09/2026 06:28
91c65f18-e1d7-41e8-ae6e-6de0eced3510,clerical.irish,available,5.98,31.98,high,low,8,namecheap,,,12/08/2026 10:48
a934cf2d-7dc0-4ba5-8109-d94f63d728b9,aim.irish,available,7.49,22.49,high,medium,3,namesilo,,,25/09/2026 10:01
3532acb0-6a00-4efa-85a3-2c3da77b81ec,untypical.irish,available,5.98,31.98,medium,low,9,namecheap,,,07/08/2026 16:10
ff2c9ed7-bb29-463e-8ca5-1a0dd2f14388,poultry.irish,available,7.49,22.49,high,low,7,namesilo,,,24/09/2026 23:24
8e80f2b7-f191-4e66-8efc-c5e3b9dca456,latvian.irish,available,5.98,31.98,high,low,7,namecheap,,,22/08/2026 20:47
0d69c7fc-826e-4eb6-b29b-1b7b5f0c6206,charily.irish,available,5.98,31.98,medium,low,7,namecheap,,,14/09/2026 06:17
ad80032a-ed83-4196-82a7-d7cd864fe898,gillespie.irish,available,7.49,22.49,high,low,9,namesilo,,,25/09/2026 04:55
97a9eed3-b6c8-4b8d-b01f-15288cc81434,buckner.irish,available,5.38,17.8,medium,low,7,spaceship,,,29/09/2026 09:53
a8ccae55-7635-48e1-9788-61b0aa3d02ad,agri.irish,available,17.2,17.2,high,low,4,cloudflare,,,02/10/2026 13:54
f4ebfb5e-67a8-4e0a-8e84-32962d4c2fb7,osmium.irish,available,5.98,31.98,medium,low,6,namecheap,,,20/09/2026 23:48
75d29b34-d1a3-43ec-bb43-075a3f0b8fd7,enclosure.irish,available,7.49,22.49,high,low,9,namesilo,,,30/09/2026 09:32
c920f973-4642-4f48-8101-82cd037029ad,referring.irish,available,7.49,22.49,high,low,9,namesilo,,,28/09/2026 03:35
be3dfa55-31bf-4266-8cc9-62650ae64854,mossad.irish,available,7.49,22.49,high,low,6,namesilo,,,03/10/2026 01:37
36855aac-05d1-4b58-a20e-363d5cd9a914,guides.irish,available,5.66,18.02,high,low,6,porkbun,,,29/09/2026 16:42
4fa4457a-3c3f-4f0f-80e3-9846903e1c1d,parrott.irish,available,5.38,17.8,medium,low,7,spaceship,,,30/09/2026 21:39
18e5d762-380e-45e0-9603-6e1d44d154c7,ailey.irish,available,5.98,31.98,high,low,5,namecheap,,,17/09/2026 21:12
49242229-1f36-402b-b495-aaf70aa2cab1,grouchy.irish,available,5.98,31.98,medium,low,7,namecheap,,,08/08/2026 07:52
5fdde53f-402c-4f10-ae2a-0f06a9e89900,asgard.irish,available,7.49,22.49,high,low,6,namesilo,,,20/09/2026 13:34
0f0486b1-1b2a-4118-9088-1eb19d874381,ccp.irish,available,7.49,22.49,medium,low,3,namesilo,,,26/09/2026 03:21
1ce53a13-c6ed-47d4-807b-a978e147fd3e,brig.irish,available,17.2,17.2,medium,low,4,cloudflare,,,02/10/2026 14:29
3071a545-3095-4f66-aac1-31ce7da35975,viewers.irish,available,5.38,17.8,medium,low,7,spaceship,,,28/09/2026 20:41
06682e6f-3b21-4ca4-8444-79a2388ea1a4,babar.irish,available,5.98,31.98,high,low,5,namecheap,,,21/09/2026 12:14
2806eacc-143b-4f84-b7c1-e8fccc1871b4,usda.irish,available,,,medium,low,4,,,,17/09/2026 19:25
ff381cd6-c5c3-4e94-8421-44de13d30de8,thief.irish,available,5.38,17.8,high,low,5,spaceship,,,30/09/2026 11:55
6b4a19c0-e414-4531-be93-e3b2d0fed271,volkswagen.irish,available,7.49,22.49,high,low,10,namesilo,,,02/10/2026 01:37
218a8808-ac4a-4d4d-a850-b74aedfedc27,californian.irish,available,7.49,22.49,high,low,11,namesilo,,,01/10/2026 05:38
3a92b6a1-18f0-47ba-aab4-07520167bba9,palm.irish,available,9.99,37.99,high,low,4,godaddy,,,30/09/2026 02:14
772309d4-e816-470e-9d35-bbff4ee6e299,restraints.irish,available,5.38,17.8,low,low,10,spaceship,,,01/10/2026 18:24
0484c126-8b44-4d2c-b37d-038f85dc041c,veterans.irish,available,5.98,31.98,high,low,8,namecheap,,,18/09/2026 11:06
33cbbc6d-a458-41db-89f6-645efb5271ef,oars.irish,available,7.49,22.49,medium,low,4,namesilo,,,18/09/2026 11:47
845cb23b-be81-49a4-afb6-c0b64338bf0c,transistor.irish,available,5.38,17.8,high,low,10,spaceship,,,03/10/2026 00:37
dbb906f6-fa76-4ea1-9da5-7cccf80c1b77,epos.irish,available,5.98,31.98,high,low,4,namecheap,,,17/08/2026 10:28
bc05a9b8-f485-4d6e-9a92-1ac573412818,guineas.irish,available,7.49,22.49,medium,low,7,namesilo,,,01/10/2026 17:45
ef955337-a74f-439d-8b7e-e62d4b41da5e,hardening.irish,available,5.38,17.8,medium,low,9,spaceship,,,03/10/2026 00:23
01e22929-642b-4d42-9164-5945b1572556,durga.irish,available,5.38,17.8,high,low,5,spaceship,,,01/10/2026 01:49
793d5b9e-678d-490b-8282-f0192501d04e,bangkok.irish,available,7.49,22.49,high,low,7,namesilo,,,22/09/2026 01:48
e6257fb6-37d6-441a-9c93-2fb37126649e,conditioner.irish,available,17.2,17.2,high,low,11,cloudflare,,,01/10/2026 05:38
a914dab1-bbad-4371-825e-ecd152522fcd,biota.irish,available,9.99,27.99,high,low,5,name.com,,,23/09/2026 19:05
70b7a97b-cb44-4e74-921a-db290775cb55,nightclub.irish,available,7.49,22.49,high,low,9,namesilo,,,29/09/2026 00:18
120c104c-f64d-493f-a642-c10c8685d002,ronan.irish,available,7.49,22.49,high,low,5,namesilo,,,30/09/2026 13:22
c61f69ab-3be1-4413-8dae-52da18fd546f,grasp.irish,available,7.49,22.49,high,low,5,namesilo,,,19/09/2026 22:13
0da0b308-599d-4d1f-b19a-3cbb3e2fed29,vaccinated.irish,available,5.98,31.98,high,low,10,namecheap,,,21/08/2026 21:34
a0c74a19-5cf6-4679-b31b-cc8ba5f510d1,navarino.irish,available,7.49,22.49,high,low,8,namesilo,,,22/09/2026 15:32
305839b8-7d2a-43bf-9576-86a5cc84f6d6,position.irish,available,7.49,22.49,high,low,8,namesilo,,,19/09/2026 04:25
92387a2e-b821-4361-836c-6dbef189e656,flashlight.irish,available,7.49,22.49,high,low,10,namesilo,,,29/09/2026 06:57
449aec93-abc5-487d-9a0c-8fb784aaa5a6,lowly.irish,available,5.98,31.98,medium,low,5,namecheap,,,08/08/2026 21:38
2bcd86fe-00bc-485a-8eef-8e278cd39cb2,colorectal.irish,available,5.98,31.98,medium,low,10,namecheap,,,12/08/2026 17:46
bcd74798-3250-4c81-afce-1c010bae37ea,collection.irish,available,17.2,17.2,high,low,10,cloudflare,,,02/10/2026 04:23
3e46a33b-a322-4931-a25d-99d2c67713e5,unalarming.irish,available,5.98,31.98,medium,low,10,namecheap,,,12/09/2026 00:14
eee56919-f926-4b03-a4f8-f654c70727e9,silly.irish,available,5.98,31.98,high,low,5,namecheap,,,21/09/2026 23:43
61136fa0-0e00-4150-9917-5a4eb66089a4,subtitle.irish,available,5.38,17.8,high,low,8,spaceship,,,30/09/2026 02:59
ea83a945-9575-47e1-a8c9-5dcb064e8076,brackish.irish,available,5.98,31.98,medium,low,8,namecheap,,,11/08/2026 00:43
41650221-f17f-412f-857b-e4ef4054f84f,rhys.irish,available,17.2,17.2,medium,low,4,cloudflare,,,28/09/2026 18:25
9a24edf9-c4ee-4b93-bfbd-cbac1556d635,fatally.irish,available,5.98,31.98,medium,low,7,namecheap,,,14/09/2026 17:51
765fe055-6dbb-42da-b220-65c12ee62f73,invoke.irish,available,5.38,17.8,high,low,6,spaceship,,,30/09/2026 19:10
5b85c52a-e578-4ba9-8989-169ca17f761b,flanges.irish,available,7,,low,low,7,unstoppable,,,30/09/2026 15:50
424a16c3-ff9f-434a-9465-3959e72b9c2f,martins.irish,available,17.2,17.2,high,low,7,cloudflare,,,02/10/2026 20:10
8018a191-338e-4bf6-84b1-8db8ce51904c,disperse.irish,available,5.38,17.8,high,low,8,spaceship,,,29/09/2026 13:55
6ac0a63e-0676-43b6-88be-44614afa3ab6,rhode.irish,available,7.49,22.49,high,low,5,namesilo,,,25/09/2026 15:06
3c42e28f-51db-4fd0-ab01-ce18c5e98946,rfid.irish,available,5.38,17.8,high,low,4,spaceship,,,02/10/2026 01:54
7054d779-1005-47b8-9139-1d8430cb9bc5,theme.irish,available,5.57,18.41,high,low,5,dynadot,,,28/09/2026 01:44
0d96f2d6-2226-4aa6-9803-b699cdf46ee1,adscript.irish,available,5.98,31.98,medium,low,8,namecheap,,,
debbd9c5-492e-41de-a4da-17a0f7dfe93d,chances.irish,available,7.49,22.49,medium,low,7,namesilo,,,25/09/2026 16:56
137ff7bb-dbb4-4c78-8c79-d88bf3a6a232,instructors.irish,available,5.98,31.98,medium,low,11,namecheap,,,01/10/2026 01:00
075be471-a825-4117-9c28-b42d7322a347,resonator.irish,available,5.57,18.41,high,low,9,dynadot,,,02/10/2026 14:37
dcd743b4-772a-425a-8938-e40ac482d409,eclat.irish,available,7.49,22.49,high,low,5,namesilo,,,16/09/2026 22:37
8f859d98-9373-46d9-8125-e19ec2dfc5a7,soup.irish,available,5.98,31.98,high,low,4,namecheap,,,30/09/2026 11:33
3ebb50d8-1646-4623-aed2-115b2fb11180,ajay.irish,available,5.57,18.41,high,low,4,dynadot,,,03/10/2026 03:41
961e9d1a-0a5a-49f0-a1bd-4cc95e7b1ea1,strips.irish,available,7.49,22.49,medium,low,6,namesilo,,,20/09/2026 02:09
5892aa98-970a-4425-b341-b3f8be734f1d,swoosh.irish,available,5.98,31.98,high,low,6,namecheap,,,11/09/2026 05:52
6c084cc0-c395-4df6-8a27-eb2c7a44867c,addition.irish,available,5.38,17.8,high,low,8,spaceship,,,28/09/2026 18:22
c13fc83e-e5ce-49f7-a598-b07b9e09437f,theban.irish,available,5.98,31.98,high,low,6,namecheap,,,11/09/2026 12:35
302711b8-760b-44cd-9c68-422f5c2ffbdc,stainable.irish,available,5.98,31.98,low,low,9,namecheap,,,10/09/2026 18:12
4334b711-3c8f-4465-89e5-b85ab41efde6,carla.irish,available,7.49,22.49,high,low,5,namesilo,,,27/09/2026 07:21
23c41d2b-157f-4fd6-9f46-af7d146b8877,antelope.irish,available,7.49,22.49,high,low,8,namesilo,,,19/09/2026 12:50
1e13349b-627f-4ed3-a632-d4eb79b6c479,everlasting.irish,available,7,,high,low,11,unstoppable,,,29/09/2026 08:43
5a30a798-ba50-4d8a-bac9-af431c7b05c3,donna.irish,available,5.66,18.02,high,low,5,porkbun,,,01/10/2026 01:47
5868b781-229d-4f70-92df-658b3fd26edf,candidacy.irish,available,7.49,22.49,high,low,9,namesilo,,,29/09/2026 06:17
c257f1ba-f8d9-4210-a357-c58919ffd18a,neandertal.irish,available,5.98,31.98,high,low,10,namecheap,,,10/08/2026 19:30
b6d35e0e-3b55-45d4-be65-2ab091031c31,eolic.irish,available,7.49,22.49,low,low,5,namesilo,,,17/09/2026 12:36
cd864bb3-a257-4df4-afef-ce559b56eefd,chilled.irish,available,7.49,22.49,high,low,7,namesilo,,,30/09/2026 12:12
1f7a9806-248d-4ea6-97c1-b99c72b31b41,brotherhood.irish,available,9.99,,high,low,11,name.com,,,
2be86e9a-ee11-44c7-b282-9ad2bd54fff3,protest.irish,available,5.38,17.8,high,low,7,spaceship,,,30/09/2026 07:47
ddef973a-3c14-438a-a8aa-740f08550d85,pellet.irish,available,5.98,31.98,high,low,6,namecheap,,,02/10/2026 16:23
1eacc21b-7c47-4ce3-a96a-8179162b581f,thai.irish,available,5.98,31.98,high,low,4,namecheap,,,10/09/2026 07:23
a535b2e0-e6c8-4e23-8cec-67effd4488ba,finish.irish,available,5.98,31.98,high,low,6,namecheap,,,08/09/2026 15:33
59ed0c98-dacd-4cbe-942a-c15f5045ece9,bluegrass.irish,available,7.49,22.49,high,low,9,namesilo,,,02/10/2026 04:05
c6a67748-43c7-4c9b-9dec-7523408e0038,bumpkin.irish,available,5.98,31.98,medium,low,7,namecheap,,,21/08/2026 08:07
59b01fb5-3e23-45d6-8501-221882667715,nwo.irish,available,5.38,17.8,high,low,3,spaceship,,,02/10/2026 13:41
19af45f9-60bc-4b44-8bae-ca0b9bffe716,australasia.irish,available,5.57,18.41,medium,low,11,dynadot,,,28/09/2026 21:52
b96f7859-5415-4fb2-befd-3cc4ad49b174,unadjusted.irish,available,5.98,31.98,medium,low,10,namecheap,,,11/09/2026 23:52
5f1c641b-3364-4bc5-b33c-66044ffc313b,humpback.irish,available,5.98,31.98,medium,low,8,namecheap,,,13/08/2026 07:47
83a08451-4097-45b9-a426-3c95d90ab599,sumter.irish,available,7.49,22.49,high,low,6,namesilo,,,28/09/2026 12:23
f24e64a6-6ec1-448b-9425-d17113cb1c80,tarsal.irish,available,5.98,31.98,medium,low,6,namecheap,,,11/09/2026 08:42
9136e247-c493-4785-9502-45328dedf06f,benthal.irish,available,7.49,22.49,medium,low,7,namesilo,,,24/09/2026 08:26
66fcada3-6ab1-40e1-a194-ff8c78bfeade,fiber.irish,available,17.2,17.2,high,low,5,cloudflare,,,29/09/2026 19:15
dec49f94-d9e8-4594-8ebb-1270176c27d1,longing.irish,available,5.38,17.8,medium,low,7,spaceship,,,28/09/2026 19:43
7023810f-bdaa-4b7b-a751-13bed6f3a2d0,frankfurt.irish,available,5.38,17.8,high,low,9,spaceship,,,30/09/2026 09:45
6a633b2d-9be7-436f-93eb-b400d6420751,bohme.irish,available,7.49,22.49,medium,low,5,namesilo,,,23/09/2026 03:34
3f3ab56e-c3db-45e9-a18d-98994a80b3f6,anthropic.irish,available,,,high,high,9,,,,
89ec918d-a022-41d8-96e2-3dddab245425,politicians.irish,available,5.98,31.98,medium,low,11,namecheap,,,19/09/2026 23:03
0f6ce89b-7512-4064-9852-412d480a2800,chromosome.irish,available,7.49,22.49,medium,low,10,namesilo,,,30/09/2026 09:09
fed1202a-d9d3-48d3-9c62-40da87fa690c,eusebius.irish,available,5.38,17.8,high,low,8,spaceship,,,29/09/2026 06:49
df7d4957-d0e2-48d2-8270-82a2a01485b4,implement.irish,available,5.38,17.8,high,low,9,spaceship,,,29/09/2026 13:06
dd9e16ff-d264-4487-a14c-2c9a271b1ed6,theocratic.irish,available,5.98,31.98,medium,low,10,namecheap,,,11/09/2026 12:52
569c18cf-e1fe-4efd-a9cd-3be6e5221494,wicked.irish,available,7.49,22.49,high,low,6,namesilo,,,24/09/2026 11:13
1dfb8658-47dc-42ab-9239-8ab9e13a77c3,beadwork.irish,available,5.98,31.98,high,low,8,namecheap,,,22/09/2026 19:29
b721d82d-0da7-44fd-9e89-daccf3f33622,diverse.irish,available,5.98,31.98,high,low,7,namecheap,,,14/08/2026 13:39
61be9243-6284-4dca-bca0-62919f89cc4e,kissing.irish,available,5.98,31.98,high,low,7,namecheap,,,24/09/2026 12:56
8fd0f28c-7cdc-4718-9ee5-0833369d11da,cracker.irish,available,5.98,31.98,high,low,7,namecheap,,,24/09/2026 18:59
5229b0f5-8778-453f-aee9-9be6f6bdd4de,prr.irish,available,5.38,17.8,medium,low,3,spaceship,,,02/10/2026 19:05
b5815285-e1a1-441f-8655-33a5405dd1b2,perceval.irish,available,7.49,22.49,high,low,8,namesilo,,,03/10/2026 03:56
8e30ba6d-c3f3-4617-91c5-afa2f26cc9f3,fingernails.irish,available,7.49,22.49,medium,low,11,namesilo,,,02/10/2026 12:25
817cbe2e-e560-43ee-b489-e5f916af871c,marianas.irish,available,7.49,22.49,medium,low,8,namesilo,,,30/09/2026 10:22
eabde48e-8a57-481f-8ab3-a7e788cdc435,cloudburst.irish,available,7.49,22.49,medium,low,10,namesilo,,,24/09/2026 16:03
c19dde54-3a06-44b5-83a9-68afa5eb332d,schumacher.irish,available,5.57,18.41,high,low,10,dynadot,,,27/09/2026 19:51
6801c11e-a1ea-43d7-ac75-b9b1a8202e8e,starless.irish,available,5.98,31.98,medium,low,8,namecheap,,,10/09/2026 18:52
2e4f30c7-3034-4323-b07d-8adf5da7c2d6,vowel.irish,available,7,,high,low,5,unstoppable,,,29/09/2026 20:36
d4269ca9-06a4-4717-9d4a-2966b384dfb1,overgrown.irish,available,5.98,31.98,medium,low,9,namecheap,,,04/09/2026 20:42
2f0deab1-5ded-44e5-a5c3-32c9d2250b96,foam.irish,available,7.49,22.49,high,low,4,namesilo,,,28/09/2026 05:46
d810f034-2c71-4339-9427-9e8213a50461,thermometer.irish,available,5.38,17.8,high,low,11,spaceship,,,30/09/2026 03:20
8d04933b-97d7-445b-97c3-556025b53add,expelled.irish,available,7,,low,low,8,unstoppable,,,28/09/2026 12:50
0ebd44af-07d4-40e0-92c6-70a3f53eb4a2,ovine.irish,available,5.98,31.98,medium,low,5,namecheap,,,04/09/2026 22:07
8c3182a0-4ccb-4162-b157-fe6ef40d5d0a,postsecondary.irish,available,7.49,22.49,medium,low,13,namesilo,,,30/09/2026 06:10
dd313381-1138-48d5-829d-33ebdc372cd8,garbage.irish,available,7.49,22.49,high,low,7,namesilo,,,25/09/2026 00:12
eeabb993-9e70-41f9-a894-5c7460e5ba27,champaign.irish,available,5.98,31.98,high,low,9,namecheap,,,08/09/2026 20:30
6701da5b-589b-4cc3-bb4e-9de11407138b,eliot.irish,available,7.49,22.49,high,low,5,namesilo,,,25/09/2026 05:27
ccc6219c-8800-4586-9583-c9aba5b7d88e,auden.irish,available,5.98,31.98,high,low,5,namecheap,,,21/09/2026 02:48
38c346b4-712f-456d-8b2e-1b43beb956ee,shelter.irish,available,5.38,17.8,high,low,7,spaceship,,,30/09/2026 11:05
2df9cf61-ab71-4e48-addd-ffccc4faaa45,pans.irish,available,7.49,22.49,medium,low,4,namesilo,,,18/09/2026 08:22
2bf51260-b3c5-4958-8dce-8a3000f58616,debating.irish,available,7.49,22.49,medium,low,8,namesilo,,,29/09/2026 05:52
db81f52d-cb00-4a85-ae67-1c2d5a3ce43a,undeveloped.irish,available,7.49,22.49,medium,low,11,namesilo,,,02/10/2026 17:05
6aad330a-578f-4532-a1c8-487ad7fa3a5d,mixes.irish,available,7,,medium,low,5,unstoppable,,,01/10/2026 00:35
e43eef8f-2432-485a-a34f-c4ea174ca039,senior.irish,available,7.49,22.49,high,low,6,namesilo,,,21/09/2026 22:36
f9057b24-2e3f-422c-a8a3-f49980b37965,estate.irish,available,7.49,22.49,high,low,6,namesilo,,,17/09/2026 02:55
a039fee9-10f9-48ea-b6e3-84ac97aa7611,finalize.irish,available,7.49,22.49,high,low,8,namesilo,,,30/09/2026 19:52
d4c16202-f868-4171-bc28-7686fb71efa0,bernd.irish,available,5.38,17.8,high,low,5,spaceship,,,01/10/2026 23:12
a558ca81-acd8-4cde-88b7-13ab46eef0d3,nipponese.irish,available,5.98,31.98,high,low,9,namecheap,,,22/08/2026 12:24
7d7629b0-a425-4c9f-9a24-e0584a4eafae,surfactants.irish,available,5.38,17.8,medium,low,11,spaceship,,,02/10/2026 03:49
6d6a80c7-12e8-43a5-a22a-c60ae412476f,erbium.irish,available,7.49,22.49,medium,low,6,namesilo,,,20/09/2026 23:37
51150758-6ffe-4386-88b5-c1b37e0cb977,alienating.irish,available,5.98,31.98,medium,low,10,namecheap,,,
a84d66f4-d341-4ebb-8464-e4fdc9b315a4,casual.irish,available,7.49,22.49,high,low,6,namesilo,,,23/09/2026 13:14
fa486d51-986a-42ad-9d90-31060a12fd3a,shakira.irish,available,7.49,22.49,high,low,7,namesilo,,,02/10/2026 14:33
da336900-d018-4698-ae52-b1f81b25c73a,honduran.irish,available,5.98,31.98,high,low,8,namecheap,,,21/08/2026 13:17
ed150547-a36a-4928-996b-6ed9f76f0ca4,prosecuted.irish,available,7,,low,low,10,unstoppable,,,29/09/2026 17:43
80a7a427-8535-4d59-b2b4-e604919c1648,tool.irish,available,7.49,22.49,high,low,4,namesilo,,,24/09/2026 16:13
44727834-5a7b-4042-bd95-fee0ccf13ddb,ceilings.irish,available,7,,medium,low,8,unstoppable,,,30/09/2026 16:13
8ad5301a-8801-4a96-9ff0-e2b6623039df,landry.irish,available,7.49,22.49,medium,low,6,namesilo,,,29/09/2026 05:35
fc155074-87e9-45ae-aad8-573329837239,maids.irish,available,5.38,17.8,medium,low,5,spaceship,,,30/09/2026 00:12
46e46234-df87-46bc-b231-bb39e1448afa,diy.irish,available,17.2,17.2,high,low,3,cloudflare,,,01/10/2026 01:42
e4b0a3da-2cb5-42bd-a237-3abb09d8b5d8,golf.irish,resell,,,high,medium,4,Porkbun LLC,21/01/2026 11:11,21/01/2027 11:11,29/09/2026 20:59
779a06b1-047d-413f-a11a-5627fd0cbaa2,conveyed.irish,available,7.49,22.49,medium,low,8,namesilo,,,02/10/2026 01:56
714333b9-f6b4-49fd-be4c-809bfcfc4807,hurried.irish,available,5.98,31.98,medium,low,7,namecheap,,,21/08/2026 15:45
5aba3a7b-2750-4a48-ac89-c1ca27457d92,decree.irish,available,5.66,18.02,high,low,6,porkbun,,,29/09/2026 18:35
c72c884d-d43e-4e47-a429-9ff96dcee658,enemy.irish,available,7.49,22.49,high,low,5,namesilo,,,01/10/2026 03:12
d9e3ba05-6ef2-495a-94fe-5c7acdefef03,approaches.irish,available,7,31.98,high,low,10,unstoppable,,,01/10/2026 16:38
8190a537-881f-4f61-98a8-32795cc4a5ec,weakness.irish,available,5.98,31.98,high,low,8,namecheap,,,17/08/2026 20:45
88316a7b-126a-4751-a1ae-4161357a7436,takeaways.irish,available,7.49,22.49,medium,low,9,namesilo,,,18/09/2026 05:02
672599db-3f99-4b10-9a84-1c1aa9b6906b,clara.irish,available,5.98,31.98,high,low,5,namecheap,,,25/09/2026 13:33
491dcc2f-ebcb-4fff-a1a5-0811bc40e6fa,clout.irish,available,7.49,22.49,high,low,5,namesilo,,,23/09/2026 13:48
2e87456f-246e-4421-b3f2-207162e71827,csm.irish,available,17.2,17.2,high,low,3,cloudflare,,,30/09/2026 20:24
3a7b08a5-b463-4584-98aa-238f4431ae10,pocketbook.irish,available,7.49,22.49,high,low,10,namesilo,,,23/09/2026 16:19
e4ee877b-c0e0-4caa-b350-8c239efbe1ed,acres.irish,available,5.98,31.98,high,low,5,namecheap,,,17/09/2026 02:56
2aa1a341-9a3d-45ec-a07b-1e03d2258b58,felony.irish,available,5.98,31.98,medium,low,6,namecheap,,,28/09/2026 09:45
fbed28a0-8d9c-4499-b955-6bf9a19fa6fd,invoked.irish,available,5.38,17.8,medium,low,7,spaceship,,,02/10/2026 03:36
da81a7a1-da6f-441b-916e-3c1dd949507d,ctr.irish,available,5.38,17.8,high,low,3,spaceship,,,01/10/2026 22:35
8c74cd2a-b7f9-4e08-b9fc-b07a134d3f52,stillborn.irish,available,5.98,31.98,medium,low,9,namecheap,,,
e0406445-4504-43c7-b912-71fd08af77e6,fissure.irish,available,5.98,31.98,high,low,7,namecheap,,,13/08/2026 04:18
e7fea012-0536-4a09-be7b-d5fc0adf0913,impossibility.irish,available,7,,medium,low,13,unstoppable,,,30/09/2026 23:16
28f3364f-270d-4e40-8dfc-7a5cfc0c5a42,chilling.irish,available,5.98,31.98,medium,low,8,namecheap,,,12/08/2026 05:19
0ce44e53-4cb6-4089-86c3-ec93e8925410,twisted.irish,available,5.98,31.98,high,low,7,namecheap,,,25/08/2026 01:43
6a149654-0550-4cc1-9482-810d3ef3e713,lsd.irish,available,5.57,18.41,high,low,3,dynadot,,,28/09/2026 06:12
0ff3d9ec-a62a-48be-8bba-e24b07b6a83f,vase.irish,available,5.38,17.8,high,low,4,spaceship,,,28/09/2026 11:03
c5bc5f6c-aa53-49c8-a637-0ccde199e23e,opencast.irish,available,5.98,31.98,medium,low,8,namecheap,,,04/09/2026 16:08
35448279-c7c5-4562-949e-c532928a9a53,blew.irish,available,7.49,22.49,medium,low,4,namesilo,,,25/09/2026 11:11
15a2b52e-acde-43eb-af1f-baf18ea0b711,discoverer.irish,available,7.49,22.49,high,low,10,namesilo,,,20/09/2026 11:37
8ab62da9-a423-46cf-af44-e371b9d8f715,ceo.irish,available,7.49,22.49,high,low,3,namesilo,,,24/09/2026 13:36
350f1855-f031-41d5-bba4-ff37f82a572f,relays.irish,available,17.2,17.2,medium,low,6,cloudflare,,,01/10/2026 18:27
6ee171dc-856c-460e-a883-b98ec980754c,morale.irish,available,5.98,31.98,high,low,6,namecheap,,,28/09/2026 19:07
b61731e0-a7e4-4a48-b4af-764ee6ce7819,geodesic.irish,available,5.98,31.98,high,low,8,namecheap,,,18/08/2026 22:23
1edf5279-a58c-4760-828c-0eb04994c015,choirs.irish,available,5.98,31.98,medium,low,6,namecheap,,,17/09/2026 06:51
1c7f4e5b-cc5a-4b34-8b72-18dbe0a36e3e,carpentry.irish,available,5.38,17.8,high,low,9,spaceship,,,02/10/2026 14:35
5ac6b9d3-3ce8-49c5-bb42-55a2ba7cfa98,macbeth.irish,available,5.38,17.8,high,low,7,spaceship,,,29/09/2026 13:20
e042518e-a4cc-4227-b8e4-429e1b84dbe1,tuning.irish,available,5.98,31.98,high,low,6,namecheap,,,29/09/2026 08:16
165ba480-bcfa-4e04-b34f-6a12e533fc08,motherfukker.irish,available,5.38,17.8,medium,low,12,spaceship,,,02/10/2026 05:05
51d3aacd-6439-4ee2-af54-2367c91a8c86,labial.irish,available,5.98,31.98,medium,low,6,namecheap,,,22/08/2026 17:19
8f44cff8-71f4-4792-900d-c9dc455a3593,rajiv.irish,available,7.49,22.49,medium,low,5,namesilo,,,01/10/2026 23:58
2d8f5413-203b-4214-9f04-81cc339c8345,saute.irish,available,5.98,31.98,high,low,5,namecheap,,,09/09/2026 22:00
b76cf6c2-ea16-4705-a36b-296006e8c6ee,galapagos.irish,available,5.38,17.8,high,low,9,spaceship,,,30/09/2026 17:26
ce3a3318-cda0-48ce-9436-7096cc3a5fef,clients.irish,available,5.66,18.02,high,low,7,porkbun,,,02/10/2026 22:03
e70fe9e3-91b1-41b7-94d3-f083d03808d3,symons.irish,available,7.49,22.49,medium,low,6,namesilo,,,20/09/2026 11:07
30fc8455-69ac-46b6-b0c7-83f373943084,trumpcare.irish,available,9.99,,medium,low,10,name.com,,,
b16e14f7-d3e8-468c-9ead-b4112afa609c,handbook.irish,available,5.98,31.98,high,low,8,namecheap,,,29/09/2026 12:11
0edbea2c-27da-47e0-bbec-f0d8c7d11d40,betrayer.irish,available,5.98,31.98,medium,low,8,namecheap,,,23/09/2026 11:31
b89432e7-e22c-4cb9-a7d1-626514030190,adjusting.irish,available,7.49,22.49,high,low,9,namesilo,,,29/09/2026 14:33
deb602c1-163f-4011-ad90-e8831c304710,magdalena.irish,available,7.49,22.49,medium,low,9,namesilo,,,28/09/2026 02:17
e3ba0db1-c5fb-4924-9587-857044a91c93,actinia.irish,available,7.49,22.49,medium,low,7,namesilo,,,17/09/2026 04:43
7da2a87d-3d76-4b9f-9a1f-add3ccbbe2fa,accessories.irish,available,5.38,17.8,medium,low,11,spaceship,,,01/10/2026 18:53
f2607803-b03a-47ee-9f3d-2bd4b71f2099,tests.irish,available,5.98,31.98,medium,low,5,namecheap,,,17/09/2026 22:12
38d858da-6b20-4a9a-959c-8d6cce462743,flavius.irish,available,5.38,17.8,high,low,7,spaceship,,,02/10/2026 20:19
43642668-ca0a-401d-aca3-f50bcaa205bf,pizza.irish,available,7,18.41,high,medium,5,unstoppable,,,01/10/2026 02:37
9f85aced-2570-4020-8800-0c061b78d95f,medici.irish,available,7.49,22.49,high,low,6,namesilo,,,25/09/2026 23:33
d758b242-0ad8-4cb1-b4a9-89ab97b0ccf1,baklava.irish,available,5.98,31.98,high,low,7,namecheap,,,21/09/2026 20:21
8fa9e3d4-e036-4fba-82c0-aad89f82f41b,overture.irish,available,5.38,17.8,high,low,8,spaceship,,,30/09/2026 18:16
2b2dd247-3439-4b11-b37b-5f0b40ee83f1,unasked.irish,available,5.98,31.98,medium,low,7,namecheap,,,12/09/2026 01:10
0de710a6-bead-44c7-8942-da4fe8c64573,forearm.irish,available,9.99,37.99,high,low,7,godaddy,,,30/09/2026 01:41
fe0f19df-468b-45c1-aa9c-efdeab2fb0c8,inky.irish,available,5.98,31.98,medium,low,4,namecheap,,,22/08/2026 05:42
984dfbdc-ac85-4b47-9948-98d05900888c,sopping.irish,available,5.98,31.98,medium,low,7,namecheap,,,14/09/2026 14:30
8c33df3d-216d-42a2-8b2b-a976bc4507c9,divert.irish,available,7.49,22.49,high,low,6,namesilo,,,24/09/2026 07:57
9874e40d-4311-4e55-adfe-5e1fc48f9646,hyperlink.irish,available,5.38,17.8,high,low,9,spaceship,,,03/10/2026 01:16
073e5396-9248-4967-b1bd-a1cd31ca34ab,libby.irish,available,7,,high,low,5,unstoppable,,,28/09/2026 02:15
269866e5-df42-4cac-b18a-28fc627249dc,malt.irish,available,5.98,31.98,high,low,4,namecheap,,,24/08/2026 14:13
15185456-5a8c-4f90-8d1d-adb4698b383d,quat.irish,available,7.49,22.49,medium,low,4,namesilo,,,17/09/2026 15:25
0ba37d7f-f077-45e4-b10d-59730c7aff32,retinal.irish,available,5.98,31.98,high,low,7,namecheap,,,09/09/2026 15:37
94438403-01a0-4302-b4a1-83581c994259,raining.irish,available,9.99,27.99,high,low,7,name.com,,,19/09/2026 11:06
187c1efd-270e-4505-b547-e12a9efaa415,blended.irish,available,5.98,31.98,high,low,7,namecheap,,,10/08/2026 14:14
ecc7bafc-40a9-4ad2-a787-49de48f6c6a0,burbly.irish,available,5.98,31.98,medium,low,6,namecheap,,,11/08/2026 10:14
bcd71a03-1dc9-49ca-b9a4-b59ef0ab0c8d,estes.irish,available,17.2,17.2,medium,low,5,cloudflare,,,28/09/2026 22:16
ea128764-86b8-4b7f-99d1-b1aec823dc42,carrel.irish,available,7.49,22.49,medium,low,6,namesilo,,,18/09/2026 06:05
d39af64c-141b-4b2f-a489-125847a66ca9,sdp.irish,available,5.98,31.98,high,low,3,namecheap,,,30/09/2026 12:53
be1185cd-03fe-411b-8f3f-2d49632869da,modification.irish,available,17.2,17.2,high,low,12,cloudflare,,,29/09/2026 22:49
75f5442b-8715-4b5b-a733-c537c484966a,sustain.irish,available,5.38,17.8,high,low,7,spaceship,,,29/09/2026 02:41
61a21ba4-99a5-4ac0-82ed-9d2026ae4d01,shooters.irish,available,9.99,37.99,medium,low,8,godaddy,,,01/10/2026 00:26
27136172-1f69-4dfe-a0e3-5076eaa30cbb,irkutsk.irish,available,7,,high,low,7,unstoppable,,,01/10/2026 09:48
25c142a0-3bda-4585-b0cb-3e78bd7281ae,flawed.irish,available,5.98,31.98,medium,low,6,namecheap,,,18/08/2026 07:18
2d178cec-ff05-4ad7-a422-18f00aae42f3,calculating.irish,available,7.49,22.49,high,low,11,namesilo,,,29/09/2026 14:44
e2b38b83-25a7-4fec-b282-f172fd48a2fd,periodical.irish,available,5.98,31.98,high,low,10,namecheap,,,08/09/2026 17:13
9e698ffd-3c61-4931-b93e-ad1b53ae1493,comparative.irish,available,5.66,18.02,high,low,11,porkbun,,,29/09/2026 20:48
2ca66772-b480-4676-bd8a-c956e50dbd3b,jenkins.irish,available,7.49,22.49,high,low,7,namesilo,,,25/09/2026 12:14
5f422e81-016d-425c-9145-c09a70204ddf,audibility.irish,available,7.49,22.49,high,low,10,namesilo,,,21/09/2026 02:52
55a1a20f-b9e2-4f0b-b5c0-3766bb89c0cb,overhanded.irish,available,5.98,31.98,medium,low,10,namecheap,,,04/09/2026 20:12
6ea503d2-03b0-446f-9080-b0aeddf1c608,commissioners.irish,available,7.49,22.49,medium,low,13,namesilo,,,02/10/2026 02:36
de536d77-38e5-44cf-a305-321cab2acafe,hilo.irish,available,17.2,17.2,high,low,4,cloudflare,,,30/09/2026 10:07
b8c39cb5-407e-43fd-8e9f-334352f49bb2,reaching.irish,available,5.98,31.98,high,low,8,namecheap,,,20/09/2026 09:16
020542f8-6e94-488f-9081-ad0e4abbfb8a,peed.irish,available,7.49,22.49,medium,low,4,namesilo,,,18/09/2026 08:17
81139924-bb71-474f-9e1b-fd5733cb726b,starts.irish,available,9.99,,medium,low,6,name.com,,,
4cf13d5e-a460-4db3-9369-283e74dfde5a,bromley.irish,available,7,,medium,low,7,unstoppable,,,28/09/2026 17:16
a33fe5e0-c79a-4685-8ea1-50fc4dcede4d,mips.irish,available,5.38,17.8,high,low,4,spaceship,,,03/10/2026 01:37
6e426d84-03df-4419-b7d5-56fac7e09d82,pitfall.irish,available,5.66,18.02,medium,low,7,porkbun,,,30/09/2026 06:53
147594aa-0c04-4bcb-a037-88bf977ffee1,near.irish,available,7.49,22.49,high,low,4,namesilo,,,23/09/2026 13:54
0aaa736a-b725-4496-a832-343549bfa702,zeno.irish,available,17.2,17.2,high,low,4,cloudflare,,,30/09/2026 03:11
bc6ddfd4-1d49-4614-abdd-9e9688a24412,anaglyphic.irish,available,5.98,31.98,medium,low,10,namecheap,,,
8a1c5670-c903-4e26-a1f5-613a9acf116c,biretta.irish,available,7.49,22.49,medium,low,7,namesilo,,,23/09/2026 10:06
9a427ad9-8d3c-417b-bfc0-08f07d4cabe3,bergenia.irish,available,7.49,22.49,medium,low,8,namesilo,,,23/09/2026 09:20
45a14f28-3d8d-4b5a-97a6-1646f28ec784,rosecrans.irish,available,7,,high,low,9,unstoppable,,,02/10/2026 00:51
d5ddf329-a2db-4cdf-aee6-67310056ac6b,audiencia.irish,available,5.38,17.8,high,low,9,spaceship,,,02/10/2026 18:30
85ee979b-c858-402e-b91d-d6d3ff113d71,balanced.irish,available,17.2,17.2,high,low,8,cloudflare,,,29/09/2026 16:30
bc2bf93b-83be-471a-b2d5-ea3293016eb4,abrupt.irish,available,5.98,31.98,high,low,6,namecheap,,,
6c4db0ea-0c3a-49eb-b100-ccd64985a703,bivalvia.irish,available,7.49,22.49,medium,low,8,namesilo,,,23/09/2026 23:16
dcef1027-2520-4750-9a02-c2b2bf9fd06a,rhodesia.irish,available,5.38,17.8,high,low,8,spaceship,,,02/10/2026 06:15
074f0203-b6ea-4879-a5e3-7d2b440175f8,gyral.irish,available,5.98,31.98,medium,low,5,namecheap,,,20/08/2026 21:19
78b3fa0e-e11e-40ae-a76f-d4862f27cece,abreaction.irish,available,7.49,22.49,medium,low,10,namesilo,,,16/09/2026 17:06
596378bb-6267-49a6-8b58-82af8c8493d5,consult.irish,available,5.38,17.8,high,low,7,spaceship,,,30/09/2026 17:45
8e90dc0e-81c2-4b8f-9c4c-e0d58b3c8b34,hassle.irish,available,5.38,17.8,high,low,6,spaceship,,,27/09/2026 16:35
c2a689db-301c-4c35-9b73-bdbaf4b0e010,ascaris.irish,available,7.49,22.49,medium,low,7,namesilo,,,20/09/2026 13:03
a64f6a09-a37d-4a49-9247-8088ccbd9c0b,logy.irish,available,5.98,31.98,medium,low,4,namecheap,,,18/08/2026 09:55
af39fa78-dcfc-4282-8bf6-a3250dc5ee17,acerbic.irish,available,5.98,31.98,medium,low,7,namecheap,,,
72e19d75-b92a-4357-a276-e2931a0e8c05,temp.irish,available,5.98,31.98,high,low,4,namecheap,,,11/09/2026 11:02
55ec6380-909e-412b-8085-8ab5f94c4b89,circa.irish,available,5.38,17.8,high,low,5,spaceship,,,01/10/2026 22:24
23259ad0-34a3-44f7-aa0e-5877e09a5929,shoots.irish,available,5.38,17.8,high,low,6,spaceship,,,28/09/2026 03:32
0e1f402e-127a-4821-8c1e-98e931662387,mercurial.irish,available,5.98,31.98,high,low,9,namecheap,,,17/08/2026 12:50
7173477a-bfba-4893-82f6-98da3756a5e0,riyadh.irish,available,17.2,17.2,high,low,6,cloudflare,,,29/09/2026 06:50
28ce6734-3bd2-4d46-908c-820439f1d8e6,pei.irish,available,5.57,18.41,medium,low,3,dynadot,,,28/09/2026 14:30
d761bb1b-4ea9-4479-8f56-01532b88078b,ambit.irish,available,7.49,22.49,high,low,5,namesilo,,,18/09/2026 16:51
e3b9714c-ce1e-4995-bb79-35ec6bb265dd,scuba.irish,available,7.49,22.49,high,low,5,namesilo,,,19/09/2026 22:55
9e2efd31-d0b8-4c1d-ad45-c5de1ef371cd,hunger.irish,available,7.49,22.49,high,low,6,namesilo,,,29/09/2026 23:24
aab6045b-f728-47b7-aa78-e4a7f80f4f83,faustus.irish,available,7,,high,low,7,unstoppable,,,02/10/2026 15:09
aecd5163-8128-43b7-ab48-a9014ec0158b,pellucid.irish,available,5.98,31.98,high,low,8,namecheap,,,13/08/2026 09:44
be6b5e15-7574-4505-83f7-0e287ae6c4b1,vestibular.irish,available,5.98,31.98,medium,low,10,namecheap,,,13/09/2026 04:52
435d185e-8904-41a1-b1b1-6eaa80ca87ba,ahmedabad.irish,available,7.49,22.49,medium,low,9,namesilo,,,30/09/2026 13:11
bde2513f-ab43-4493-b41f-0692cf3ed5f4,manual.irish,available,7.49,22.49,high,low,6,namesilo,,,25/09/2026 16:42
4195ef70-649b-4188-a5ef-d866d78da56b,mischief.irish,available,5.98,31.98,high,low,8,namecheap,,,21/09/2026 21:54
bc93a104-33f6-41ba-a413-136b7f8f18d4,thumbed.irish,available,5.98,31.98,medium,low,7,namecheap,,,11/09/2026 15:04
6b76e228-ca32-4e87-ac18-09777bf6b652,wegener.irish,available,7.49,22.49,medium,low,7,namesilo,,,18/09/2026 06:39
5442ffc2-173b-4d94-a7cf-cb73bc0ee7ea,unhinged.irish,available,5.98,31.98,medium,low,8,namecheap,,,11/08/2026 01:52
9f2f604b-43fd-469a-82f4-8e493e396d20,bagatelle.irish,available,5.98,31.98,medium,low,9,namecheap,,,21/09/2026 17:53
92aa7e3b-5760-4e3c-83ad-545a4697dd43,buying.irish,available,7,,high,low,6,unstoppable,,,29/09/2026 05:41
72b9e3cb-e5cb-4dba-8629-6b7762291bd9,hoffa.irish,available,7,,high,low,5,unstoppable,,,03/10/2026 01:12
b59d6b29-847e-439c-8851-bd6390a45a78,wiggler.irish,available,7.49,22.49,medium,low,7,namesilo,,,19/09/2026 06:38
d4fd9d7c-d467-45da-924b-955190897d13,titus.irish,available,5.98,31.98,high,low,5,namecheap,,,25/09/2026 05:37
9b11eb29-90b8-498d-b4fe-738e2eb48f53,idiot.irish,available,5.66,18.02,high,low,5,porkbun,,,01/10/2026 03:03
e489576e-d42c-4364-b27d-d38070c70c0b,presently.irish,available,7,,medium,low,9,unstoppable,,,28/09/2026 13:26
14de35aa-ce36-4040-94f3-e090fe43505f,headteacher.irish,available,5.38,17.8,high,low,12,spaceship,,,02/10/2026 16:28
66621ca7-96d8-4af4-92c4-347b7fd13e77,bigamy.irish,available,7.49,22.49,medium,low,6,namesilo,,,23/09/2026 15:03
b4085b26-3729-48b1-a1d1-07ee196ae0ae,offspring.irish,available,7.49,22.49,high,low,9,namesilo,,,28/09/2026 11:24
1775ba2f-370c-4ae8-a5e4-d9a8143f5667,cinema.irish,available,17.2,17.2,high,low,6,cloudflare,,,01/10/2026 03:10
508b92a8-d269-49be-8248-56a4c005f94d,financing.irish,available,5.38,17.8,high,low,9,spaceship,,,29/09/2026 12:21
11dcc700-7f00-4ee5-8346-b757289bae18,natchez.irish,available,5.57,18.41,high,low,7,dynadot,,,28/09/2026 14:57
a1494ce1-a203-450b-ab17-b946ee573866,facilitating.irish,available,5.57,18.41,medium,low,12,dynadot,,,02/10/2026 19:26
5de4a3b1-230f-495a-81c2-85fb4ef40652,rather.irish,available,5.38,17.8,medium,low,6,spaceship,,,28/09/2026 15:59
75a45fcb-d013-4500-a7f5-23397478344b,thankfully.irish,available,7.49,22.49,high,low,10,namesilo,,,16/09/2026 08:28
c530238a-aa15-47ea-82e1-04e4b9cbe759,nutrify.irish,available,7.49,22.49,medium,low,7,namesilo,,,18/09/2026 07:57
444fea46-b59d-4819-a278-6aa832b41b62,mehmet.irish,available,7,,medium,low,6,unstoppable,,,30/09/2026 20:59
745cfe52-d1b5-4e2d-9cc1-853c49d3ca05,plow.irish,available,5.98,31.98,high,low,4,namecheap,,,02/10/2026 04:34
9b726ab9-9d06-4463-a3b1-feb08cd0d3f9,fop.irish,available,9.99,27.99,high,low,3,name.com,,,13/08/2026 17:09
9e716c4a-66d0-48f2-bdbd-cdea3b230533,wednesdays.irish,available,7,,high,low,10,unstoppable,,,02/10/2026 21:05
60f9aba3-6b5e-42ea-ab86-c520b4078062,catered.irish,available,5.98,31.98,medium,low,7,namecheap,,,20/09/2026 17:04
159f7830-9228-4b75-b3bc-04542825d02e,attractor.irish,available,5.98,31.98,high,low,9,namecheap,,,21/09/2026 02:12
0ceeccc4-bad6-4dfe-857f-1b713d98ba49,blueberries.irish,available,7.49,22.49,high,low,11,namesilo,,,17/09/2026 17:28
837ced7a-3671-4f51-8831-1b714540f0e1,argue.irish,available,17.2,17.2,high,low,5,cloudflare,,,30/09/2026 15:18
cebfab35-63ad-4188-a19f-cb2bd73f38fd,acronymous.irish,available,5.98,31.98,medium,low,10,namecheap,,,
55d3a7f4-e6f3-4160-8687-8a7020a55f5e,kremlin.irish,available,7,,high,low,7,unstoppable,,,01/10/2026 02:50
f8069e37-1491-45bc-92a6-b90fb97cffb9,mindless.irish,available,5.98,31.98,medium,low,8,namecheap,,,07/08/2026 02:48
6807004f-8137-4ddf-bce8-677472ef4936,hayek.irish,available,7.49,22.49,medium,low,5,namesilo,,,01/10/2026 02:14
4c431cd7-69a7-4f3a-90e9-3db9d9463651,agronomy.irish,available,5.98,31.98,medium,low,8,namecheap,,,17/09/2026 19:42
a9837866-36a1-4bc8-8cea-0f3fe4372826,resolvent.irish,available,5.98,31.98,medium,low,9,namecheap,,,10/09/2026 13:54
a8f38203-fd00-4dd3-834b-9b562ee29607,ashtray.irish,available,5.98,31.98,high,low,7,namecheap,,,20/09/2026 14:02
356412a7-16d8-4ac5-bebc-93b0d5568a3d,whiten.irish,available,5.38,17.8,medium,low,6,spaceship,,,28/09/2026 10:28
b0108a1a-9525-482f-a4b7-131466ea0a1e,ladylike.irish,available,5.98,31.98,high,low,8,namecheap,,,22/08/2026 18:38
13e99662-66e8-4453-83f2-4341c86a2f9b,kagan.irish,available,17.2,17.2,medium,low,5,cloudflare,,,30/09/2026 12:34
71e733f2-5ab4-45c7-9fe0-1372c9e10edf,curtly.irish,available,5.98,31.98,medium,low,6,namecheap,,,14/09/2026 10:10
8000dc8a-de1c-4097-b287-21f704044cf4,blitt.irish,available,7.49,22.49,medium,low,5,namesilo,,,21/09/2026 14:13
e41f84d1-b3f4-46b0-95da-fe8a5a75e407,ribbons.irish,available,7.49,22.49,medium,low,7,namesilo,,,20/09/2026 07:05
1b42d0ad-d916-4252-bfbf-b4a067cc3e23,broadsheet.irish,available,5.98,31.98,high,low,10,namecheap,,,11/08/2026 05:08
faeca308-e519-4826-a20c-324020e38284,psychical.irish,available,5.98,31.98,medium,low,9,namecheap,,,09/09/2026 05:07
6fe3b03c-5a82-4c57-b5d0-56523477bbd6,upwards.irish,available,5.38,17.8,medium,low,7,spaceship,,,28/09/2026 09:52
ef98eec3-c69a-4ecb-be82-2590a101bf7e,intrinsic.irish,available,7.49,22.49,high,low,9,namesilo,,,25/09/2026 10:55
33631cd4-0448-4c21-8333-020737626c5d,typically.irish,available,7.49,22.49,medium,low,9,namesilo,,,28/09/2026 17:10
42b22ad8-2854-44ec-b79b-ac285250ac54,remediation.irish,available,5.57,18.41,high,low,11,dynadot,,,30/09/2026 23:39
e8b5df1f-27fd-4fb8-871d-f488f44f36c0,wor.irish,available,5.38,17.8,medium,low,3,spaceship,,,02/10/2026 03:07
a436eb1a-ea38-4c22-b034-96a04f9840fb,hof.irish,available,7,,high,low,3,unstoppable,,,30/09/2026 19:41
d91d1952-5f93-45d2-bd9f-cd386e194b8e,longhand.irish,available,5.98,31.98,high,low,8,namecheap,,,13/08/2026 11:38
b78f35b5-995b-4281-b522-d7177fb739f8,upcoming.irish,available,5.98,31.98,high,low,8,namecheap,,,06/08/2026 08:39
9c679be5-b7dd-4d05-9469-659fbb687db2,amundsen.irish,available,7.49,22.49,high,low,8,namesilo,,,19/09/2026 00:12
89e0f567-0bd5-433a-85c7-ba1d79ec5d3c,unclothed.irish,available,5.98,31.98,medium,low,9,namecheap,,,12/09/2026 05:30
85335b0b-eeb7-48f6-9fba-354a867d2fa7,only.irish,available,7.49,22.49,high,medium,4,namesilo,,,22/09/2026 02:00
3a1e79b9-933c-4954-8916-85a155c08318,tatiana.irish,available,17.2,17.2,high,low,7,cloudflare,,,29/09/2026 21:54
e61b7668-acbe-4d64-9286-e54e67f7c329,abiders.irish,available,7.49,22.49,medium,low,7,namesilo,,,18/09/2026 03:55
1746adfa-df3b-484f-b39c-73a4136cd398,muster.irish,available,7.49,22.49,high,low,6,namesilo,,,01/10/2026 01:33
2915621c-834b-4e16-ac53-20ee43f7a921,decoration.irish,available,5.57,18.41,high,low,10,dynadot,,,28/09/2026 18:55
4d4b65c6-fff2-4657-b27f-541570f0e6a8,fabaceae.irish,available,17.2,17.2,medium,low,8,cloudflare,,,03/10/2026 00:42
b25784ec-49f5-4398-9773-25394f1139ac,pickings.irish,available,5.98,31.98,medium,low,8,namecheap,,,11/09/2026 07:21
2eb086bc-4411-4e21-b2fa-0c8f3aa39a0b,crybaby.irish,available,7.49,22.49,medium,low,7,namesilo,,,23/09/2026 06:47
2cd2f830-afb3-48bc-a256-0ffde7f4c40e,rum.irish,available,5.98,31.98,high,low,3,namecheap,,,13/08/2026 11:11
c776b8c4-abfd-486c-bedb-75c0d906109f,mayhap.irish,available,5.98,31.98,medium,low,6,namecheap,,,15/09/2026 13:45
6d31aaf1-5a98-40a4-afa2-05875d70c96f,belittling.irish,available,5.98,31.98,medium,low,10,namecheap,,,09/08/2026 13:10
6870de9b-b9bc-43a5-934b-325118322031,diatonic.irish,available,5.98,31.98,high,low,8,namecheap,,,14/08/2026 06:21
06db8e43-65ab-4ccf-9041-177ffa2a76ff,preoccupied.irish,available,17.2,17.2,medium,low,11,cloudflare,,,29/09/2026 08:47
1377513e-7d75-43f5-8d58-a0e55c8c6885,yob.irish,available,5.98,31.98,medium,low,3,namecheap,,,11/08/2026 08:46
1a9e514d-d56a-439a-8e60-f25c7917c7cd,ccd.irish,available,5.57,18.41,high,low,3,dynadot,,,29/09/2026 04:56
dc703281-7bf5-4598-bfa5-c72920c8b057,mouthpiece.irish,available,5.98,31.98,high,low,10,namecheap,,,01/10/2026 19:25
57f81234-216f-4fc9-8ad2-6100acbb0629,hottest.irish,available,7.49,22.49,medium,low,7,namesilo,,,28/09/2026 13:20
6f1c4047-74a4-441d-b592-3c298cbe217c,lincolnshire.irish,available,5.38,17.8,medium,low,12,spaceship,,,28/09/2026 11:48
03f2fe10-3ba5-44b9-9c24-a000599fbad4,parish.irish,available,5.98,31.98,high,low,6,namecheap,,,28/09/2026 20:07
40f02a40-7ee2-46e1-b4e9-543bacc44c6e,hospitable.irish,available,5.98,31.98,high,low,10,namecheap,,,21/08/2026 14:16
e278b996-541c-4919-bd7f-30e3e7f74f66,overseeing.irish,available,17.2,17.2,medium,low,10,cloudflare,,,02/10/2026 12:43
83604640-d183-4eca-b661-fcff850e5989,leaden.irish,available,5.98,31.98,medium,low,6,namecheap,,,22/08/2026 21:44
4a7d8731-1b87-4181-99ac-c02f304b95d9,cleanse.irish,available,7,,high,low,7,unstoppable,,,01/10/2026 22:10
01b310a1-0fb9-4ceb-b089-ac79b8bef396,stuff.irish,available,5.98,31.98,high,low,5,namecheap,,,25/09/2026 17:52
00680579-062a-4c5e-8337-2bf76d9d2055,already.irish,available,5.57,18.41,high,low,7,dynadot,,,28/09/2026 11:57
7c8d4e61-cd11-4f74-8e77-05f916a667b1,foundling.irish,available,7.49,22.49,medium,low,9,namesilo,,,16/09/2026 13:56
f499f857-d311-4117-9c96-83df9106aa1d,precise.irish,available,7.49,22.49,high,low,7,namesilo,,,27/09/2026 04:53
1fc2a08f-cfb4-408b-8420-5cf887cb6778,jump.irish,available,7.49,22.49,high,low,4,namesilo,,,22/09/2026 02:34
58719053-a2aa-4658-8d9a-c0d7acd69260,malformed.irish,available,5.98,31.98,medium,low,9,namecheap,,,13/08/2026 23:43
a3951043-81b4-4892-a353-7b3c92a7d76a,athwart.irish,available,5.98,31.98,medium,low,7,namecheap,,,13/09/2026 22:38
d9231855-4995-46e0-b0ed-5d81c495a9ae,desktop.irish,available,17.2,17.2,high,low,7,cloudflare,,,29/09/2026 14:08
db5cbb6f-49c6-4341-b794-b564b929a1f7,lillie.irish,available,7.49,22.49,high,low,6,namesilo,,,22/09/2026 21:47
e226d4c4-dee9-4a58-8209-6c9da28ac7bc,csa.irish,available,17.2,17.2,high,low,3,cloudflare,,,27/09/2026 17:26
7a6878b4-004d-445a-a508-302d9201952e,prestigious.irish,available,5.98,31.98,high,low,11,namecheap,,,29/09/2026 08:35
64659ab4-9ce1-4846-a583-e4e04a47cc76,pecuniary.irish,available,5.98,31.98,medium,low,9,namecheap,,,25/08/2026 04:35
9ccd5cd4-206c-4c6b-a1e7-62391cecd31f,arhat.irish,available,7.49,22.49,medium,low,5,namesilo,,,20/09/2026 05:05
74224216-f4f6-48fe-a39d-f65623ffe3d2,afterwards.irish,available,5.98,31.98,medium,low,10,namecheap,,,
3d57c083-863e-43c3-a85b-5f4c40ccf673,revocation.irish,available,7.49,22.49,medium,low,10,namesilo,,,19/09/2026 11:02
203ea83b-40f2-4024-8eec-f16044b567df,authorial.irish,available,5.98,31.98,medium,low,9,namecheap,,,07/08/2026 16:19
0ba2761e-0458-42af-a423-1a5d30d6c826,solicitous.irish,available,5.98,31.98,medium,low,10,namecheap,,,10/09/2026 13:39
3c4d0c43-95ef-4e1f-8762-5afbf3f2ee49,agnate.irish,available,7.49,22.49,medium,low,6,namesilo,,,24/09/2026 08:18
b19b8132-cf61-47a4-a99c-87ee66bd7d16,did.irish,available,9.99,,high,low,3,name.com,,,
43541fd0-f475-4ae7-935e-1ced8bcbfe66,sumatra.irish,available,5.38,17.8,high,low,7,spaceship,,,02/10/2026 16:53
fe03a62f-3d07-4354-9f1e-dce9a7399b57,bleachers.irish,available,7.49,22.49,high,low,9,namesilo,,,24/09/2026 05:18
2c12a70c-9dcb-4929-85e2-314ae809ab66,practicing.irish,available,5.38,17.8,high,low,10,spaceship,,,01/10/2026 23:50
2c3f7465-7908-4b0b-ac39-c51f68a8b194,thumbs.irish,available,7.49,22.49,medium,low,6,namesilo,,,18/09/2026 14:13
23dc5ac1-9f8e-4e72-98ce-6484c897ebad,accented.irish,available,5.98,31.98,medium,low,8,namecheap,,,
0fe54d6a-4588-4915-ac84-ebb26681ed47,forlorn.irish,available,5.98,31.98,medium,low,7,namecheap,,,18/08/2026 12:02
15cd69a5-0906-420f-8265-3fe0b572fa7a,complained.irish,available,5.38,17.8,low,low,10,spaceship,,,28/09/2026 17:47
25230593-81f1-45e7-bd52-58fec41bf393,samson.irish,available,7.49,22.49,high,low,6,namesilo,,,28/09/2026 01:08
52695df9-0b9a-4076-bbb1-63884ada226e,clowns.irish,available,5.38,17.8,medium,low,6,spaceship,,,30/09/2026 07:41
7509eb0e-d783-4263-ac03-42eb31d387f2,roxanne.irish,available,7,,high,low,7,unstoppable,,,01/10/2026 23:46
af45c361-5cd4-4bdb-a6bb-66a448ac63d7,sucked.irish,available,7.49,22.49,medium,low,6,namesilo,,,18/09/2026 04:29
ecd8ed2c-5b46-46e9-9eef-ac917170d266,acquired.irish,available,5.98,31.98,high,low,8,namecheap,,,
096e36d1-41d8-4fa8-bdb7-24445967c54d,odyssey.irish,available,7,,high,medium,7,unstoppable,,,29/09/2026 19:51
1b9f9983-daa9-4be8-8aaa-051791ed784b,cons.irish,available,17.2,17.2,high,low,4,cloudflare,,,01/10/2026 23:45
b5b3422a-83cc-466a-8238-71c01c3ce596,salts.irish,available,7.49,22.49,medium,low,5,namesilo,,,20/09/2026 01:25
41129afa-2260-4a61-b88e-4f9b804dd00a,princess.irish,available,7.49,22.49,high,low,8,namesilo,,,30/09/2026 07:25
e20bc951-5002-478f-9ef0-69dad078b198,discursive.irish,available,5.98,31.98,medium,low,10,namecheap,,,14/08/2026 06:00
7f4bb402-4ca1-4d2d-b9ce-a0487ea99d67,rising.irish,available,5.98,31.98,high,low,6,namecheap,,,
8b4adcb2-b6b4-4263-9df9-5bea7dec717d,corn.irish,available,7.49,22.49,high,low,4,namesilo,,,29/09/2026 09:54
6f06d332-be12-4699-9cf8-abc0a3907f88,academia.irish,available,5.38,17.8,high,low,8,spaceship,,,28/09/2026 08:49
866335ef-4502-486a-a0e5-d6815a2cbae9,fashioned.irish,available,5.98,31.98,high,low,9,namecheap,,,17/08/2026 23:02
bf321f82-156d-4326-8a85-6371d73952cc,trafalgar.irish,available,7.49,22.49,high,low,9,namesilo,,,22/09/2026 16:10
4355b44a-a670-4cb3-ac65-7a69d9acdb44,practise.irish,available,5.66,18.02,high,low,8,porkbun,,,29/09/2026 01:53
8a4e8748-d2a0-4d14-8892-e1df8e0967aa,marv.irish,available,5.38,17.8,high,low,4,spaceship,,,02/10/2026 07:46